model,property,algorithm,seed,simulations,time,robustness,falsified,input,control points,exploration ratio,budget,failed_explore_choice,failed_uniform_choice,failed_prefix_choice,failed_suffix_choice,failed_explore_forced,failed_uniform_forced,failed_prefix_forced,failed_suffix_forced,success_explore_choice,success_uniform_choice,success_prefix_choice,success_suffix_choice,success_explore_forced,success_uniform_forced,success_prefix_forced,success_suffix_forced
automatic_transmission,"□_[0.0, 30.0] (speed < 120.0)",adaptive,0,29.0,6.0,-17.980199361426514,yes,"[0.0 100.0 0.0; 15.0 100.0 0.0; 30.0 100.0 0.0]","2 2 3 3 3 4",0.25,300,5,5,11,7,0,0,1,0,48,0,0,0,1,0,0,0
automatic_transmission,"□_[0.0, 30.0] (speed < 120.0)",adaptive,-6046014611969325073,4.0,1.0,-17.980199361426514,yes,"[0.0 100.0 0.0; 15.0 100.0 0.0; 30.0 100.0 0.0]","2 2 3 3 3 4",0.25,300,1,0,1,0,0,0,1,0,6,0,0,0,1,0,0,0
automatic_transmission,"□_[0.0, 30.0] (speed < 120.0)",adaptive,-9078758710300016934,9.0,1.0,-1.8555748756042192,yes,"[0.0 100.0 162.5; 15.0 100.0 10.15625; 22.5 100.0 325.0; 30.0 100.0 325.0]","2 2 3 3 3 4",0.25,300,1,0,0,2,1,0,0,0,17,0,0,0,2,0,0,0
automatic_transmission,"□_[0.0, 30.0] (speed < 120.0)",adaptive,6026752103936063831,5.0,0.0,-11.220951438219288,yes,"[0.0 100.0 325.0; 15.0 100.0 0.0; 30.0 100.0 0.0]","2 2 3 3 3 4",0.25,300,0,1,1,0,0,1,0,0,6,0,0,0,1,0,0,0
automatic_transmission,"□_[0.0, 30.0] (speed < 120.0)",adaptive,-7488286861000505729,2.0,0.0,-4.740537532593038,yes,"[0.0 50.0 284.375; 10.0 100.0 0.0; 25.0 75.0 0.0; 30.0 75.0 0.0]","2 2 3 3 3 4",0.25,300,0,0,0,0,0,0,0,0,3,0,0,0,3,0,0,0
automatic_transmission,"□_[0.0, 30.0] (speed < 120.0)",adaptive,4096412075366339464,6.0,1.0,-0.8783142956569066,yes,"[0.0 75.0 0.0; 10.0 100.0 243.75; 20.0 100.0 162.5; 30.0 100.0 162.5]","2 2 3 3 3 4",0.25,300,2,0,1,0,0,0,0,0,8,0,0,0,3,0,0,0
automatic_transmission,"□_[0.0, 30.0] (speed < 120.0)",adaptive,7672111965323154545,15.0,2.0,-4.809704969700675,yes,"[0.0 50.0 0.0; 15.0 100.0 0.0; 30.0 100.0 0.0]","2 2 3 3 3 4",0.25,300,4,4,3,0,0,1,0,0,22,0,0,0,1,0,0,0
automatic_transmission,"□_[0.0, 30.0] (speed < 120.0)",adaptive,-7183876693434789442,4.0,1.0,-0.5511690346261702,yes,"[0.0 100.0 0.0; 15.0 50.0 0.0; 30.0 50.0 0.0]","2 2 3 3 3 4",0.25,300,0,0,1,0,1,0,0,0,6,0,0,0,1,0,0,0
automatic_transmission,"□_[0.0, 30.0] (speed < 120.0)",adaptive,-5011953456019000971,8.0,1.0,-17.980199361426514,yes,"[0.0 100.0 0.0; 15.0 100.0 0.0; 30.0 100.0 0.0]","2 2 3 3 3 4",0.25,300,2,1,0,1,0,0,1,0,13,0,0,0,1,0,0,0
automatic_transmission,"□_[0.0, 30.0] (speed < 120.0)",adaptive,9035443895564923029,7.0,1.0,-8.065993679063752,yes,"[0.0 100.0 142.1875; 10.0 100.0 0.0; 25.0 0.0 325.0; 30.0 0.0 325.0]","2 2 3 3 3 4",0.25,300,0,2,1,0,0,0,0,0,10,0,0,0,3,0,0,0
automatic_transmission,"□_[0.0, 30.0] (speed < 120.0)",adaptive,-2740929484600087517,10.0,1.0,-17.980199361426514,yes,"[0.0 100.0 0.0; 15.0 100.0 0.0; 30.0 100.0 0.0]","2 2 3 3 3 4",0.25,300,1,1,1,4,0,0,1,0,14,0,0,0,1,0,0,0
automatic_transmission,"□_[0.0, 30.0] (speed < 120.0)",adaptive,4294016909393539959,11.0,2.0,-14.42303757125893,yes,"[0.0 100.0 162.5; 15.0 100.0 0.0; 30.0 100.0 0.0]","2 2 3 3 3 4",0.25,300,3,0,3,1,1,0,0,0,15,1,0,0,1,0,0,0
automatic_transmission,"□_[0.0, 30.0] (speed < 120.0)",adaptive,-6182145599744364137,7.0,1.0,-0.5511690346261702,yes,"[0.0 100.0 0.0; 15.0 50.0 0.0; 30.0 50.0 0.0]","2 2 3 3 3 4",0.25,300,0,0,3,1,1,0,0,0,13,0,0,0,1,0,0,0
automatic_transmission,"□_[0.0, 30.0] (speed < 120.0)",adaptive,8458830146556579542,7.0,1.0,-14.42303757125893,yes,"[0.0 100.0 162.5; 15.0 100.0 0.0; 30.0 100.0 0.0]","2 2 3 3 3 4",0.25,300,1,1,0,0,1,0,0,0,13,0,0,0,1,0,0,0
automatic_transmission,"□_[0.0, 30.0] (speed < 120.0)",adaptive,-7841915111413246962,5.0,1.0,-0.18690699946651534,yes,"[0.0 100.0 81.25; 10.0 100.0 162.5; 25.0 100.0 325.0; 30.0 100.0 325.0]","2 2 3 3 3 4",0.25,300,0,0,0,1,0,0,0,0,8,0,0,0,3,0,0,0
automatic_transmission,"□_[0.0, 30.0] (speed < 120.0)",adaptive,-4627331107828543336,8.0,1.0,-7.362017144361502,yes,"[0.0 100.0 0.0; 15.0 100.0 162.5; 30.0 100.0 162.5]","2 2 3 3 3 4",0.25,300,0,1,1,1,0,0,1,0,17,0,0,0,1,0,0,0
automatic_transmission,"□_[0.0, 30.0] (speed < 120.0)",adaptive,-1380096314875151908,2.0,0.0,-17.980199361426514,yes,"[0.0 100.0 0.0; 15.0 100.0 0.0; 30.0 100.0 0.0]","2 2 3 3 3 4",0.25,300,0,0,0,0,0,0,1,0,2,0,0,0,1,0,0,0
automatic_transmission,"□_[0.0, 30.0] (speed < 120.0)",adaptive,-5742972936302936281,8.0,1.0,-0.745581197413415,yes,"[0.0 100.0 325.0; 15.0 100.0 162.5; 30.0 100.0 162.5]","2 2 3 3 3 4",0.25,300,1,1,0,1,0,0,1,0,14,0,0,0,1,0,0,0
automatic_transmission,"□_[0.0, 30.0] (speed < 120.0)",adaptive,-5418079435779392240,6.0,1.0,-11.220951438219288,yes,"[0.0 100.0 325.0; 15.0 100.0 0.0; 30.0 100.0 0.0]","2 2 3 3 3 4",0.25,300,1,0,1,0,0,0,1,0,10,0,0,0,1,0,0,0
automatic_transmission,"□_[0.0, 30.0] (speed < 120.0)",adaptive,1224380904762254455,2.0,0.0,-0.745581197413415,yes,"[0.0 100.0 325.0; 15.0 100.0 162.5; 30.0 100.0 162.5]","2 2 3 3 3 4",0.25,300,0,0,0,0,0,0,0,0,3,0,0,0,2,0,0,0
automatic_transmission,"□_[0.0, 30.0] (speed < 120.0)",adaptive,-4801624794716146349,3.0,0.0,-3.70831160028483,yes,"[0.0 100.0 162.5; 15.0 100.0 162.5; 30.0 100.0 162.5]","2 2 3 3 3 4",0.25,300,1,0,0,0,1,0,0,0,3,0,0,0,1,0,0,0
automatic_transmission,"□_[0.0, 30.0] (speed < 120.0)",adaptive,-5469221887441509070,2.0,0.0,-6.1259413003567715,yes,"[0.0 100.0 0.0; 15.0 100.0 81.25; 25.0 0.0 325.0; 30.0 0.0 325.0]","2 2 3 3 3 4",0.25,300,0,0,0,0,1,0,0,0,2,0,0,0,2,0,0,0
automatic_transmission,"□_[0.0, 30.0] (speed < 120.0)",adaptive,6917220170720129735,19.0,3.0,-3.782408334805865,yes,"[0.0 100.0 0.0; 15.0 81.25 325.0; 25.0 100.0 0.0; 30.0 100.0 0.0]","2 2 3 3 3 4",0.25,300,3,5,4,3,0,0,1,0,33,0,0,0,2,0,0,0
automatic_transmission,"□_[0.0, 30.0] (speed < 120.0)",adaptive,3958041752096909892,13.0,2.0,-17.980199361426514,yes,"[0.0 100.0 0.0; 15.0 100.0 0.0; 30.0 100.0 0.0]","2 2 3 3 3 4",0.25,300,2,4,5,0,1,0,0,0,19,0,0,0,1,0,0,0
automatic_transmission,"□_[0.0, 30.0] (speed < 120.0)",adaptive,3794678871423782421,30.0,5.0,-0.4581435027369878,yes,"[0.0 100.0 162.5; 15.0 100.0 243.75; 25.0 100.0 162.5; 30.0 100.0 162.5]","2 2 3 3 3 4",0.25,300,4,10,6,7,1,0,0,0,45,0,0,1,2,0,0,0
automatic_transmission,"□_[0.0, 30.0] (speed < 120.0)",adaptive,8181248863959752427,19.0,3.0,-8.632897646576623,yes,"[0.0 100.0 101.5625; 10.0 100.0 0.0; 25.0 0.0 162.5; 30.0 0.0 162.5]","2 2 3 3 3 4",0.25,300,2,5,2,7,1,0,0,0,28,0,0,0,2,0,0,0
automatic_transmission,"□_[0.0, 30.0] (speed < 120.0)",adaptive,7698985409547079319,9.0,1.0,-4.554919588846715,yes,"[0.0 100.0 162.5; 15.0 87.5 0.0; 25.0 0.0 325.0; 30.0 0.0 325.0]","2 2 3 3 3 4",0.25,300,1,2,2,0,0,0,1,0,13,0,0,0,2,0,0,0
automatic_transmission,"□_[0.0, 30.0] (speed < 120.0)",adaptive,-4131623449183998397,1.0,0.0,-14.42303757125893,yes,"[0.0 100.0 162.5; 15.0 100.0 0.0; 30.0 100.0 0.0]","2 2 3 3 3 4",0.25,300,0,0,0,0,0,0,0,0,0,0,0,0,2,0,0,0
automatic_transmission,"□_[0.0, 30.0] (speed < 120.0)",adaptive,-7750826011340930336,3.0,0.0,-4.809704969700675,yes,"[0.0 50.0 0.0; 15.0 100.0 0.0; 30.0 100.0 0.0]","2 2 3 3 3 4",0.25,300,0,0,0,0,0,0,0,0,5,0,0,0,2,0,0,0
automatic_transmission,"□_[0.0, 30.0] (speed < 120.0)",adaptive,-5564848877718094627,12.0,2.0,-11.220951438219288,yes,"[0.0 100.0 325.0; 15.0 100.0 0.0; 30.0 100.0 0.0]","2 2 3 3 3 4",0.25,300,3,2,0,2,0,0,1,0,18,0,0,0,1,0,0,0
automatic_transmission,"□_[0.0, 30.0] (speed < 120.0)",adaptive,-6990856834845939642,15.0,3.0,-11.220951438219288,yes,"[0.0 100.0 325.0; 15.0 100.0 0.0; 30.0 100.0 0.0]","2 2 3 3 3 4",0.25,300,3,3,3,2,0,1,0,0,22,0,0,0,1,0,0,0
automatic_transmission,"□_[0.0, 30.0] (speed < 120.0)",adaptive,-4701237711499865563,9.0,1.0,-11.220951438219288,yes,"[0.0 100.0 325.0; 15.0 100.0 0.0; 30.0 100.0 0.0]","2 2 3 3 3 4",0.25,300,0,2,2,2,0,1,0,0,10,0,0,0,1,0,0,0
automatic_transmission,"□_[0.0, 30.0] (speed < 120.0)",adaptive,-5639999502947973768,4.0,0.0,-0.745581197413415,yes,"[0.0 100.0 325.0; 15.0 100.0 162.5; 30.0 100.0 162.5]","2 2 3 3 3 4",0.25,300,0,0,0,1,0,0,0,1,7,0,0,0,1,0,0,0
automatic_transmission,"□_[0.0, 30.0] (speed < 120.0)",adaptive,8361841616997096311,10.0,1.0,-1.8760639865800641,yes,"[0.0 84.375 325.0; 7.5 75.0 325.0; 17.5 100.0 0.0; 30.0 100.0 0.0]","2 2 3 3 3 4",0.25,300,1,4,1,2,0,0,0,0,16,0,0,0,3,0,0,0
automatic_transmission,"□_[0.0, 30.0] (speed < 120.0)",adaptive,-8608154688667229480,1.0,0.0,-0.27163616611683494,yes,"[0.0 0.0 203.125; 10.0 100.0 0.0; 25.0 100.0 0.0; 30.0 100.0 0.0]","2 2 3 3 3 4",0.25,300,0,0,0,0,0,0,0,0,0,0,0,0,3,0,0,0
automatic_transmission,"□_[0.0, 30.0] (speed < 120.0)",adaptive,-346068277684901982,10.0,2.0,-0.5511690346261702,yes,"[0.0 100.0 0.0; 15.0 50.0 0.0; 30.0 50.0 0.0]","2 2 3 3 3 4",0.25,300,1,2,1,3,1,0,0,0,15,0,0,0,1,0,0,0
automatic_transmission,"□_[0.0, 30.0] (speed < 120.0)",adaptive,8583421108892856622,1.0,0.0,-14.42303757125893,yes,"[0.0 100.0 162.5; 15.0 100.0 0.0; 30.0 100.0 0.0]","2 2 3 3 3 4",0.25,300,0,0,0,0,0,0,0,0,0,0,0,0,2,0,0,0
automatic_transmission,"□_[0.0, 30.0] (speed < 120.0)",adaptive,751661180465674478,17.0,3.0,-7.362017144361502,yes,"[0.0 100.0 0.0; 15.0 100.0 162.5; 30.0 100.0 162.5]","2 2 3 3 3 4",0.25,300,4,4,3,2,0,0,0,0,27,0,0,0,1,1,0,0
automatic_transmission,"□_[0.0, 30.0] (speed < 120.0)",adaptive,-8149797952705142109,3.0,0.0,-7.394225990989668,yes,"[0.0 100.0 162.5; 15.0 96.875 0.0; 22.5 100.0 182.8125; 30.0 100.0 182.8125]","2 2 3 3 3 4",0.25,300,0,0,0,0,0,0,1,0,5,0,0,0,2,0,0,0
automatic_transmission,"□_[0.0, 30.0] (speed < 120.0)",adaptive,7150239976759361100,20.0,4.0,-0.745581197413415,yes,"[0.0 100.0 325.0; 15.0 100.0 162.5; 30.0 100.0 162.5]","2 2 3 3 3 4",0.25,300,2,5,6,4,1,0,0,0,32,0,0,0,1,0,0,0
automatic_transmission,"□_[0.0, 30.0] (speed < 120.0)",adaptive,2456438355188220127,9.0,1.0,-7.362017144361502,yes,"[0.0 100.0 0.0; 15.0 100.0 162.5; 30.0 100.0 162.5]","2 2 3 3 3 4",0.25,300,3,0,0,2,0,0,0,0,12,1,0,0,1,0,1,0
automatic_transmission,"□_[0.0, 30.0] (speed < 120.0)",adaptive,-3352285862663714248,1.0,0.0,-9.477349732641642,yes,"[0.0 100.0 40.625; 10.0 100.0 0.0; 25.0 100.0 325.0; 30.0 100.0 325.0]","2 2 3 3 3 4",0.25,300,0,0,0,0,0,0,0,0,0,0,0,0,3,0,0,0
automatic_transmission,"□_[0.0, 30.0] (speed < 120.0)",adaptive,-7206862856428773816,2.0,0.0,-2.3200777436705238,yes,"[0.0 75.0 325.0; 10.0 100.0 0.0; 25.0 50.0 243.75; 30.0 50.0 243.75]","2 2 3 3 3 4",0.25,300,0,0,0,0,0,0,0,0,2,0,0,0,3,0,0,0
automatic_transmission,"□_[0.0, 30.0] (speed < 120.0)",adaptive,-3126459483930515759,5.0,0.0,-17.980199361426514,yes,"[0.0 100.0 0.0; 15.0 100.0 0.0; 30.0 100.0 0.0]","2 2 3 3 3 4",0.25,300,0,3,1,0,1,0,0,0,7,0,0,0,1,0,0,0
automatic_transmission,"□_[0.0, 30.0] (speed < 120.0)",adaptive,-6642002009474159212,7.0,1.0,-0.745581197413415,yes,"[0.0 100.0 325.0; 15.0 100.0 162.5; 30.0 100.0 162.5]","2 2 3 3 3 4",0.25,300,2,0,1,0,0,0,1,0,11,0,0,0,1,0,0,0
automatic_transmission,"□_[0.0, 30.0] (speed < 120.0)",adaptive,-7602053619253506440,7.0,1.0,-4.809704969700675,yes,"[0.0 50.0 0.0; 15.0 100.0 0.0; 30.0 100.0 0.0]","2 2 3 3 3 4",0.25,300,1,1,0,1,0,1,0,0,11,0,0,0,1,0,0,0
automatic_transmission,"□_[0.0, 30.0] (speed < 120.0)",adaptive,-2605665773117505927,8.0,1.0,-4.809704969700675,yes,"[0.0 50.0 0.0; 15.0 100.0 0.0; 30.0 100.0 0.0]","2 2 3 3 3 4",0.25,300,1,0,2,2,1,0,0,0,13,0,0,0,1,0,0,0
automatic_transmission,"□_[0.0, 30.0] (speed < 120.0)",adaptive,-3268569276711209879,13.0,2.0,-11.220951438219288,yes,"[0.0 100.0 325.0; 15.0 100.0 0.0; 30.0 100.0 0.0]","2 2 3 3 3 4",0.25,300,2,2,1,2,0,0,0,1,22,0,0,0,1,0,0,0
automatic_transmission,"□_[0.0, 30.0] (speed < 120.0)",adaptive,-7108621371035265857,3.0,0.0,-17.980199361426514,yes,"[0.0 100.0 0.0; 15.0 100.0 0.0; 30.0 100.0 0.0]","2 2 3 3 3 4",0.25,300,0,0,1,0,0,0,0,0,5,0,0,0,2,0,0,0
automatic_transmission,"□_[0.0, 30.0] (speed < 120.0)",adaptive,-8081746492052479422,16.0,3.0,-7.362017144361502,yes,"[0.0 100.0 0.0; 15.0 100.0 162.5; 30.0 100.0 162.5]","2 2 3 3 3 4",0.25,300,1,4,4,4,1,0,0,0,23,0,0,0,1,0,0,0
automatic_transmission,"□_[0.0, 30.0] (speed < 120.0)",adaptive,1005136137618929297,6.0,1.0,-0.5511690346261702,yes,"[0.0 100.0 0.0; 15.0 50.0 0.0; 30.0 50.0 0.0]","2 2 3 3 3 4",0.25,300,1,0,1,0,1,0,0,0,10,0,0,0,1,0,0,0
automatic_transmission,"□_[0.0, 30.0] (speed < 120.0)",adaptive,8768194298760353348,15.0,2.0,-3.70831160028483,yes,"[0.0 100.0 162.5; 15.0 100.0 162.5; 30.0 100.0 162.5]","2 2 3 3 3 4",0.25,300,3,3,1,5,0,0,1,0,23,0,0,0,1,0,0,0
automatic_transmission,"□_[0.0, 30.0] (speed < 120.0)",adaptive,-8333670168916985330,4.0,0.0,-17.980199361426514,yes,"[0.0 100.0 0.0; 15.0 100.0 0.0; 30.0 100.0 0.0]","2 2 3 3 3 4",0.25,300,2,0,0,0,0,0,0,0,4,0,0,0,2,0,0,0
automatic_transmission,"□_[0.0, 30.0] (speed < 120.0)",adaptive,683476302427834169,8.0,1.0,-4.809704969700675,yes,"[0.0 50.0 0.0; 15.0 100.0 0.0; 30.0 100.0 0.0]","2 2 3 3 3 4",0.25,300,2,1,0,1,0,1,0,0,13,0,0,0,1,0,0,0
automatic_transmission,"□_[0.0, 30.0] (speed < 120.0)",adaptive,8867899827441506710,23.0,4.0,-17.980199361426514,yes,"[0.0 100.0 0.0; 15.0 100.0 0.0; 30.0 100.0 0.0]","2 2 3 3 3 4",0.25,300,5,3,2,2,0,0,0,0,32,4,3,1,1,0,1,0
automatic_transmission,"□_[0.0, 30.0] (speed < 120.0)",adaptive,5278529735412087784,10.0,1.0,-0.745581197413415,yes,"[0.0 100.0 325.0; 15.0 100.0 162.5; 30.0 100.0 162.5]","2 2 3 3 3 4",0.25,300,2,3,1,0,0,1,0,0,14,0,0,0,1,0,0,0
automatic_transmission,"□_[0.0, 30.0] (speed < 120.0)",adaptive,-1437711609694369273,7.0,1.0,-7.362017144361502,yes,"[0.0 100.0 0.0; 15.0 100.0 162.5; 30.0 100.0 162.5]","2 2 3 3 3 4",0.25,300,1,0,0,2,1,0,0,0,10,0,0,0,1,0,0,0
automatic_transmission,"□_[0.0, 30.0] (speed < 120.0)",adaptive,-1966966030797879865,9.0,1.0,-0.5511690346261702,yes,"[0.0 100.0 0.0; 15.0 50.0 0.0; 30.0 50.0 0.0]","2 2 3 3 3 4",0.25,300,1,1,0,2,0,0,0,1,16,0,0,0,1,0,0,0
automatic_transmission,"□_[0.0, 30.0] (speed < 120.0)",adaptive,-7976667927818792540,11.0,2.0,-7.362017144361502,yes,"[0.0 100.0 0.0; 15.0 100.0 162.5; 30.0 100.0 162.5]","2 2 3 3 3 4",0.25,300,2,2,1,2,0,1,0,0,15,0,0,0,1,0,0,0
automatic_transmission,"□_[0.0, 30.0] (speed < 120.0)",adaptive,4713318128477259041,5.0,0.0,-4.809704969700675,yes,"[0.0 50.0 0.0; 15.0 100.0 0.0; 30.0 100.0 0.0]","2 2 3 3 3 4",0.25,300,0,0,0,1,0,0,1,0,9,0,0,0,1,0,0,0
automatic_transmission,"□_[0.0, 30.0] (speed < 120.0)",adaptive,5118093587035034966,1.0,0.0,-0.5511690346261702,yes,"[0.0 100.0 0.0; 15.0 50.0 0.0; 30.0 50.0 0.0]","2 2 3 3 3 4",0.25,300,0,0,0,0,0,0,0,0,0,0,0,0,2,0,0,0
automatic_transmission,"□_[0.0, 30.0] (speed < 120.0)",adaptive,5997183323319264561,2.0,0.0,-3.70831160028483,yes,"[0.0 100.0 162.5; 15.0 100.0 162.5; 30.0 100.0 162.5]","2 2 3 3 3 4",0.25,300,0,0,0,0,0,0,0,0,2,0,0,0,2,0,0,0
automatic_transmission,"□_[0.0, 30.0] (speed < 120.0)",adaptive,5623243605583919960,21.0,4.0,-4.768385778652146,yes,"[0.0 100.0 162.5; 15.0 100.0 243.75; 25.0 100.0 0.0; 30.0 100.0 0.0]","2 2 3 3 3 4",0.25,300,6,4,3,2,0,0,0,1,36,0,1,0,2,0,0,0
automatic_transmission,"□_[0.0, 30.0] (speed < 120.0)",adaptive,-6278403603072627683,9.0,2.0,-11.220951438219288,yes,"[0.0 100.0 325.0; 15.0 100.0 0.0; 30.0 100.0 0.0]","2 2 3 3 3 4",0.25,300,2,2,2,2,1,0,0,0,12,0,0,0,1,0,0,0
automatic_transmission,"□_[0.0, 30.0] (speed < 120.0)",adaptive,-6647679818644792398,3.0,0.0,-11.220951438219288,yes,"[0.0 100.0 325.0; 15.0 100.0 0.0; 30.0 100.0 0.0]","2 2 3 3 3 4",0.25,300,1,0,1,0,0,0,0,0,4,0,0,0,2,0,0,0
automatic_transmission,"□_[0.0, 30.0] (speed < 120.0)",adaptive,6885498007660098377,6.0,1.0,-17.980199361426514,yes,"[0.0 100.0 0.0; 15.0 100.0 0.0; 30.0 100.0 0.0]","2 2 3 3 3 4",0.25,300,0,1,1,0,0,0,1,0,9,0,0,0,1,0,0,0
automatic_transmission,"□_[0.0, 30.0] (speed < 120.0)",adaptive,-2833273545187288370,15.0,2.0,-17.980199361426514,yes,"[0.0 100.0 0.0; 15.0 100.0 0.0; 30.0 100.0 0.0]","2 2 3 3 3 4",0.25,300,5,4,0,1,0,0,0,1,25,0,0,0,1,0,0,0
automatic_transmission,"□_[0.0, 30.0] (speed < 120.0)",adaptive,33822612498608055,3.0,0.0,-0.745581197413415,yes,"[0.0 100.0 325.0; 15.0 100.0 162.5; 30.0 100.0 162.5]","2 2 3 3 3 4",0.25,300,0,0,0,0,0,0,1,0,4,0,0,0,1,0,0,0
automatic_transmission,"□_[0.0, 30.0] (speed < 120.0)",adaptive,3532687395147219075,14.0,3.0,-0.5511690346261702,yes,"[0.0 100.0 0.0; 15.0 50.0 0.0; 30.0 50.0 0.0]","2 2 3 3 3 4",0.25,300,3,2,3,3,0,0,0,1,21,0,0,0,1,0,0,0
automatic_transmission,"□_[0.0, 30.0] (speed < 120.0)",adaptive,-4903690880809827983,16.0,3.0,-11.220951438219288,yes,"[0.0 100.0 325.0; 15.0 100.0 0.0; 30.0 100.0 0.0]","2 2 3 3 3 4",0.25,300,2,1,9,2,0,0,1,0,24,0,0,0,1,0,0,0
automatic_transmission,"□_[0.0, 30.0] (speed < 120.0)",adaptive,-4328091836677958232,9.0,1.0,-11.220951438219288,yes,"[0.0 100.0 325.0; 15.0 100.0 0.0; 30.0 100.0 0.0]","2 2 3 3 3 4",0.25,300,1,2,2,0,0,0,0,1,16,0,0,0,1,0,0,0
automatic_transmission,"□_[0.0, 30.0] (speed < 120.0)",adaptive,3389563150345631696,1.0,0.0,-4.809704969700675,yes,"[0.0 50.0 0.0; 15.0 100.0 0.0; 30.0 100.0 0.0]","2 2 3 3 3 4",0.25,300,0,0,0,0,0,0,0,0,0,0,0,0,2,0,0,0
automatic_transmission,"□_[0.0, 30.0] (speed < 120.0)",adaptive,-4358577111052427587,9.0,2.0,-0.745581197413415,yes,"[0.0 100.0 325.0; 15.0 100.0 162.5; 30.0 100.0 162.5]","2 2 3 3 3 4",0.25,300,3,2,0,1,0,0,1,0,13,0,0,0,1,0,0,0
automatic_transmission,"□_[0.0, 30.0] (speed < 120.0)",adaptive,-9021888612077251394,3.0,0.0,-17.980199361426514,yes,"[0.0 100.0 0.0; 15.0 100.0 0.0; 30.0 100.0 0.0]","2 2 3 3 3 4",0.25,300,0,0,0,0,1,0,0,0,5,0,0,0,1,0,0,0
automatic_transmission,"□_[0.0, 30.0] (speed < 120.0)",adaptive,5972377096799076485,9.0,2.0,-0.5511690346261702,yes,"[0.0 100.0 0.0; 15.0 50.0 0.0; 30.0 50.0 0.0]","2 2 3 3 3 4",0.25,300,2,1,1,1,0,0,1,0,13,0,0,0,1,0,0,0
automatic_transmission,"□_[0.0, 30.0] (speed < 120.0)",adaptive,-7490784589438386237,14.0,3.0,-7.362017144361502,yes,"[0.0 100.0 0.0; 15.0 100.0 162.5; 30.0 100.0 162.5]","2 2 3 3 3 4",0.25,300,3,1,3,2,0,0,0,1,23,0,0,0,1,0,0,0
automatic_transmission,"□_[0.0, 30.0] (speed < 120.0)",adaptive,2311880173535838838,5.0,1.0,-4.809704969700675,yes,"[0.0 50.0 0.0; 15.0 100.0 0.0; 30.0 100.0 0.0]","2 2 3 3 3 4",0.25,300,0,0,0,0,0,0,0,1,11,0,0,0,1,0,0,0
automatic_transmission,"□_[0.0, 30.0] (speed < 120.0)",adaptive,1956800407603769578,7.0,1.0,-6.1259413003567715,yes,"[0.0 100.0 0.0; 15.0 100.0 81.25; 25.0 50.0 325.0; 30.0 50.0 325.0]","2 2 3 3 3 4",0.25,300,1,1,1,1,0,0,1,0,11,0,0,0,2,0,0,0
automatic_transmission,"□_[0.0, 30.0] (speed < 120.0)",adaptive,-7737148176160887327,8.0,1.0,-7.362017144361502,yes,"[0.0 100.0 0.0; 15.0 100.0 162.5; 30.0 100.0 162.5]","2 2 3 3 3 4",0.25,300,0,1,1,2,0,0,1,0,14,0,0,0,1,0,0,0
automatic_transmission,"□_[0.0, 30.0] (speed < 120.0)",adaptive,6379755990694003328,17.0,3.0,-11.220951438219288,yes,"[0.0 100.0 325.0; 15.0 100.0 0.0; 30.0 100.0 0.0]","2 2 3 3 3 4",0.25,300,2,3,7,2,1,0,0,0,26,0,0,0,1,0,0,0
automatic_transmission,"□_[0.0, 30.0] (speed < 120.0)",adaptive,3848504457762703551,20.0,4.0,-7.362017144361502,yes,"[0.0 100.0 0.0; 15.0 100.0 162.5; 30.0 100.0 162.5]","2 2 3 3 3 4",0.25,300,3,3,6,3,0,0,0,0,30,0,0,0,1,0,1,0
automatic_transmission,"□_[0.0, 30.0] (speed < 120.0)",adaptive,-6569516088159393341,8.0,1.0,-14.42303757125893,yes,"[0.0 100.0 162.5; 15.0 100.0 0.0; 30.0 100.0 0.0]","2 2 3 3 3 4",0.25,300,1,1,1,1,0,0,0,1,12,0,0,0,1,0,0,0
automatic_transmission,"□_[0.0, 30.0] (speed < 120.0)",adaptive,398170420937660337,5.0,0.0,-11.220951438219288,yes,"[0.0 100.0 325.0; 15.0 100.0 0.0; 30.0 100.0 0.0]","2 2 3 3 3 4",0.25,300,2,0,0,0,0,0,0,1,7,0,0,0,1,0,0,0
automatic_transmission,"□_[0.0, 30.0] (speed < 120.0)",adaptive,3208347756798533463,16.0,3.0,-3.3977896304719764,yes,"[0.0 75.0 243.75; 10.0 100.0 0.0; 25.0 0.0 325.0; 30.0 0.0 325.0]","2 2 3 3 3 4",0.25,300,3,5,2,2,0,0,0,0,25,0,0,0,3,0,0,0
automatic_transmission,"□_[0.0, 30.0] (speed < 120.0)",adaptive,-6436257145079808774,8.0,1.0,-7.362017144361502,yes,"[0.0 100.0 0.0; 15.0 100.0 162.5; 30.0 100.0 162.5]","2 2 3 3 3 4",0.25,300,1,3,0,1,1,0,0,0,10,0,0,0,1,0,0,0
automatic_transmission,"□_[0.0, 30.0] (speed < 120.0)",adaptive,-1693700326012279690,1.0,0.0,-17.980199361426514,yes,"[0.0 100.0 0.0; 15.0 100.0 0.0; 30.0 100.0 0.0]","2 2 3 3 3 4",0.25,300,0,0,0,0,0,0,0,0,0,0,0,0,2,0,0,0
automatic_transmission,"□_[0.0, 30.0] (speed < 120.0)",adaptive,-3573641049832704908,6.0,1.0,-7.263799918256041,yes,"[0.0 100.0 203.125; 10.0 100.0 0.0; 25.0 25.0 0.0; 30.0 25.0 0.0]","2 2 3 3 3 4",0.25,300,0,0,0,0,1,0,1,0,13,0,0,0,1,0,0,0
automatic_transmission,"□_[0.0, 30.0] (speed < 120.0)",adaptive,-8720135321277012766,1.0,0.0,-8.821075002150621,yes,"[0.0 100.0 162.5; 15.0 100.0 142.1875; 25.0 100.0 0.0; 30.0 100.0 0.0]","2 2 3 3 3 4",0.25,300,0,0,0,0,0,0,0,0,0,0,0,0,3,0,0,0
automatic_transmission,"□_[0.0, 30.0] (speed < 120.0)",adaptive,807510548805366941,3.0,0.0,-0.745581197413415,yes,"[0.0 100.0 325.0; 15.0 100.0 162.5; 30.0 100.0 162.5]","2 2 3 3 3 4",0.25,300,1,0,0,0,1,0,0,0,4,0,0,0,1,0,0,0
automatic_transmission,"□_[0.0, 30.0] (speed < 120.0)",adaptive,-6999544892097336542,10.0,1.0,-11.220951438219288,yes,"[0.0 100.0 325.0; 15.0 100.0 0.0; 30.0 100.0 0.0]","2 2 3 3 3 4",0.25,300,1,0,2,2,0,0,0,1,16,0,0,0,1,0,0,0
automatic_transmission,"□_[0.0, 30.0] (speed < 120.0)",adaptive,4914205945814778063,10.0,2.0,-7.362017144361502,yes,"[0.0 100.0 0.0; 15.0 100.0 162.5; 30.0 100.0 162.5]","2 2 3 3 3 4",0.25,300,2,2,0,2,0,0,1,0,20,0,0,0,1,0,0,0
automatic_transmission,"□_[0.0, 30.0] (speed < 120.0)",adaptive,-4543574421062733756,9.0,1.0,-11.406919958824318,yes,"[0.0 100.0 152.34375; 7.5 100.0 243.75; 17.5 100.0 0.0; 30.0 100.0 0.0]","2 2 3 3 3 4",0.25,300,1,1,2,1,0,0,0,0,15,0,0,0,3,0,0,0
automatic_transmission,"□_[0.0, 30.0] (speed < 120.0)",adaptive,4918017635000145756,2.0,0.0,-14.42303757125893,yes,"[0.0 100.0 162.5; 15.0 100.0 0.0; 30.0 100.0 0.0]","2 2 3 3 3 4",0.25,300,0,0,0,0,0,0,1,0,3,0,0,0,1,0,0,0
automatic_transmission,"□_[0.0, 30.0] (speed < 120.0)",adaptive,2430597201450850916,6.0,1.0,-2.317615915795045,yes,"[0.0 75.0 325.0; 10.0 100.0 0.0; 25.0 0.0 243.75; 30.0 0.0 243.75]","2 2 3 3 3 4",0.25,300,1,0,0,1,0,0,0,0,9,0,0,0,3,0,0,0
automatic_transmission,"□_[0.0, 30.0] (speed < 120.0)",adaptive,-6530577490102766107,6.0,1.0,-4.928848344745717,yes,"[0.0 87.5 325.0; 10.0 100.0 0.0; 25.0 0.0 0.0; 30.0 0.0 0.0]","2 2 3 3 3 4",0.25,300,0,1,1,1,0,0,0,0,9,0,0,0,3,0,0,0
automatic_transmission,"□_[0.0, 30.0] (speed < 120.0)",adaptive,-6910681802544155850,1.0,0.0,-7.7091786629941765,yes,"[0.0 100.0 0.0; 15.0 100.0 81.25; 25.0 50.0 0.0; 30.0 50.0 0.0]","2 2 3 3 3 4",0.25,300,0,0,0,0,0,0,0,0,0,0,0,0,3,0,0,0
automatic_transmission,"□_[0.0, 30.0] (speed < 120.0)",adaptive,7883398600611941495,9.0,1.0,-4.336152914982989,yes,"[0.0 100.0 0.0; 15.0 100.0 50.78125; 22.5 100.0 325.0; 30.0 100.0 325.0]","2 2 3 3 3 4",0.25,300,2,1,0,1,1,0,0,0,15,0,0,0,2,0,0,0
automatic_transmission,"□_[0.0, 30.0] (speed < 120.0)",adaptive,2183340877298474861,6.0,1.0,-17.980199361426514,yes,"[0.0 100.0 0.0; 15.0 100.0 0.0; 30.0 100.0 0.0]","2 2 3 3 3 4",0.25,300,0,0,1,2,1,0,0,0,8,0,0,0,1,0,0,0
automatic_transmission,"□_[0.0, 30.0] (speed < 120.0)",adaptive,5088743327788881326,3.0,0.0,-7.362017144361502,yes,"[0.0 100.0 0.0; 15.0 100.0 162.5; 30.0 100.0 162.5]","2 2 3 3 3 4",0.25,300,0,1,0,0,1,0,0,0,4,0,0,0,1,0,0,0
automatic_transmission,"□_[0.0, 30.0] (speed < 120.0)",adaptive,-8869899508788030129,1.0,0.0,-11.220951438219288,yes,"[0.0 100.0 325.0; 15.0 100.0 0.0; 30.0 100.0 0.0]","2 2 3 3 3 4",0.25,300,0,0,0,0,0,0,0,0,0,0,0,0,2,0,0,0
automatic_transmission,"□_[0.0, 30.0] ((gear == 3.0) ==> (30.0 < speed))",adaptive,0,75.0,14.0,-3.5325478948790447,yes,"[0.0 50.0 325.0; 15.0 0.0 325.0; 30.0 0.0 325.0]","2 2 3 3 3 4",0.25,300,15,21,21,13,0,0,0,0,105,7,10,4,1,0,1,0
automatic_transmission,"□_[0.0, 30.0] ((gear == 3.0) ==> (30.0 < speed))",adaptive,5947874316217233888,17.0,3.0,-10.229331529306435,yes,"[0.0 25.0 162.5; 10.0 0.0 325.0; 25.0 100.0 0.0; 30.0 100.0 0.0]","2 2 3 3 3 4",0.25,300,3,2,1,1,1,0,0,0,27,2,0,1,2,0,0,0
automatic_transmission,"□_[0.0, 30.0] ((gear == 3.0) ==> (30.0 < speed))",adaptive,-8233225687200131571,40.0,7.0,-6.111250095140711,yes,"[0.0 0.0 203.125; 10.0 25.0 0.0; 20.0 0.0 162.5; 30.0 0.0 162.5]","2 2 3 3 3 4",0.25,300,4,12,6,3,1,0,0,0,59,6,3,7,2,0,0,0
automatic_transmission,"□_[0.0, 30.0] ((gear == 3.0) ==> (30.0 < speed))",adaptive,-3216895643296650326,60.0,12.0,-10.233565052853915,yes,"[0.0 25.0 81.25; 10.0 0.0 325.0; 25.0 100.0 0.0; 30.0 100.0 0.0]","2 2 3 3 3 4",0.25,300,10,15,13,8,0,0,0,1,84,6,8,6,2,0,0,0
automatic_transmission,"□_[0.0, 30.0] ((gear == 3.0) ==> (30.0 < speed))",adaptive,-3676466975166340329,38.0,7.0,-10.229331529306435,yes,"[0.0 25.0 162.5; 10.0 0.0 325.0; 25.0 100.0 81.25; 30.0 100.0 81.25]","2 2 3 3 3 4",0.25,300,6,4,10,16,1,0,0,0,55,1,2,1,2,0,0,0
automatic_transmission,"□_[0.0, 30.0] ((gear == 3.0) ==> (30.0 < speed))",adaptive,1067079416935833465,13.0,2.0,-10.20098067004583,yes,"[0.0 25.0 0.0; 10.0 0.0 325.0; 25.0 50.0 0.0; 30.0 50.0 0.0]","2 2 3 3 3 4",0.25,300,1,4,3,1,1,0,0,0,20,0,0,0,2,0,0,0
automatic_transmission,"□_[0.0, 30.0] ((gear == 3.0) ==> (30.0 < speed))",adaptive,-3916159573115528289,22.0,4.0,-10.183950500377527,yes,"[0.0 71.875 0.0; 7.5 0.0 325.0; 22.5 0.0 243.75; 30.0 0.0 243.75]","2 2 3 3 3 4",0.25,300,3,6,5,5,0,0,0,0,32,0,0,0,3,0,0,0
automatic_transmission,"□_[0.0, 30.0] ((gear == 3.0) ==> (30.0 < speed))",adaptive,3439207853851717567,61.0,12.0,-3.5325478948790447,yes,"[0.0 50.0 325.0; 15.0 0.0 325.0; 30.0 0.0 325.0]","2 2 3 3 3 4",0.25,300,10,12,9,11,0,0,0,0,85,8,8,5,1,1,0,0
automatic_transmission,"□_[0.0, 30.0] ((gear == 3.0) ==> (30.0 < speed))",adaptive,1919066596798661800,9.0,1.0,-3.5325478948790447,yes,"[0.0 50.0 325.0; 15.0 0.0 325.0; 30.0 0.0 325.0]","2 2 3 3 3 4",0.25,300,2,2,0,1,1,0,0,0,13,0,0,0,1,0,0,0
automatic_transmission,"□_[0.0, 30.0] ((gear == 3.0) ==> (30.0 < speed))",adaptive,7014513344735234480,49.0,9.0,-3.5325478948790447,yes,"[0.0 50.0 325.0; 15.0 0.0 325.0; 30.0 0.0 325.0]","2 2 3 3 3 4",0.25,300,10,4,6,14,0,0,0,0,70,6,8,6,1,1,0,0
automatic_transmission,"□_[0.0, 30.0] ((gear == 3.0) ==> (30.0 < speed))",adaptive,-2885909493047944441,2.0,0.0,-10.137610770238808,yes,"[0.0 0.0 284.375; 10.0 25.0 162.5; 20.0 0.0 264.0625; 30.0 0.0 264.0625]","2 2 3 3 3 4",0.25,300,0,0,0,0,0,0,0,0,2,0,0,0,3,0,0,0
automatic_transmission,"□_[0.0, 30.0] ((gear == 3.0) ==> (30.0 < speed))",adaptive,-4550890222167331235,47.0,9.0,-3.5325478948790447,yes,"[0.0 50.0 325.0; 15.0 0.0 325.0; 30.0 0.0 325.0]","2 2 3 3 3 4",0.25,300,8,13,10,5,1,0,0,0,69,3,3,7,1,0,0,0
automatic_transmission,"□_[0.0, 30.0] ((gear == 3.0) ==> (30.0 < speed))",adaptive,9211472062668675655,48.0,9.0,-10.219574228148087,yes,"[0.0 34.375 0.0; 7.5 0.0 325.0; 22.5 50.0 325.0; 30.0 50.0 325.0]","2 2 3 3 3 4",0.25,300,9,10,14,7,0,0,0,0,69,8,4,2,3,0,0,0
automatic_transmission,"□_[0.0, 30.0] ((gear == 3.0) ==> (30.0 < speed))",adaptive,-6344791654413728103,16.0,3.0,-10.112848674138476,yes,"[0.0 25.0 0.0; 10.0 0.0 162.5; 25.0 100.0 325.0; 30.0 100.0 325.0]","2 2 3 3 3 4",0.25,300,3,2,3,3,1,0,0,0,26,0,0,0,2,0,0,0
automatic_transmission,"□_[0.0, 30.0] ((gear == 3.0) ==> (30.0 < speed))",adaptive,1783389036282317921,52.0,10.0,-3.5325478948790447,yes,"[0.0 50.0 325.0; 15.0 0.0 325.0; 30.0 0.0 325.0]","2 2 3 3 3 4",0.25,300,9,4,6,11,0,0,0,1,74,10,9,6,1,0,0,0
automatic_transmission,"□_[0.0, 30.0] ((gear == 3.0) ==> (30.0 < speed))",adaptive,7410157346639577710,40.0,8.0,-4.004921389475751,yes,"[0.0 50.0 162.5; 10.0 0.0 162.5; 25.0 0.0 325.0; 30.0 0.0 325.0]","2 2 3 3 3 4",0.25,300,7,9,9,14,1,0,0,0,55,3,0,3,2,0,0,0
automatic_transmission,"□_[0.0, 30.0] ((gear == 3.0) ==> (30.0 < speed))",adaptive,6621732285391908085,11.0,2.0,-9.402921432482234,yes,"[0.0 0.0 0.0; 15.0 25.0 162.5; 25.0 0.0 325.0; 30.0 0.0 325.0]","2 2 3 3 3 4",0.25,300,1,0,2,2,0,1,0,0,20,0,0,0,2,0,0,0
automatic_transmission,"□_[0.0, 30.0] ((gear == 3.0) ==> (30.0 < speed))",adaptive,1398688821725698495,32.0,6.0,-3.5325478948790447,yes,"[0.0 50.0 325.0; 15.0 0.0 325.0; 30.0 0.0 325.0]","2 2 3 3 3 4",0.25,300,6,7,6,8,0,0,0,0,48,1,2,1,1,0,1,0
automatic_transmission,"□_[0.0, 30.0] ((gear == 3.0) ==> (30.0 < speed))",adaptive,1286453535385362189,8.0,1.0,-1.3873322124694383,yes,"[0.0 31.25 325.0; 10.0 0.0 0.0; 25.0 100.0 243.75; 30.0 100.0 243.75]","2 2 3 3 3 4",0.25,300,1,0,1,1,0,0,0,0,15,0,0,0,3,0,0,0
automatic_transmission,"□_[0.0, 30.0] ((gear == 3.0) ==> (30.0 < speed))",adaptive,3335531070335935046,97.0,19.0,-3.5325478948790447,yes,"[0.0 50.0 325.0; 15.0 0.0 325.0; 30.0 0.0 325.0]","2 2 3 3 3 4",0.25,300,12,20,15,15,0,0,0,0,132,18,17,18,1,0,0,1
automatic_transmission,"□_[0.0, 30.0] ((gear == 3.0) ==> (30.0 < speed))",adaptive,1571518486718558037,34.0,6.0,-4.004921389475751,yes,"[0.0 50.0 162.5; 10.0 0.0 162.5; 25.0 0.0 325.0; 30.0 0.0 325.0]","2 2 3 3 3 4",0.25,300,7,5,5,9,0,0,0,0,51,1,0,4,3,0,0,0
automatic_transmission,"□_[0.0, 30.0] ((gear == 3.0) ==> (30.0 < speed))",adaptive,7337526511887988986,60.0,12.0,-3.5325478948790447,yes,"[0.0 50.0 325.0; 15.0 0.0 325.0; 30.0 0.0 325.0]","2 2 3 3 3 4",0.25,300,9,14,10,10,0,0,0,0,81,11,6,6,1,0,0,1
automatic_transmission,"□_[0.0, 30.0] ((gear == 3.0) ==> (30.0 < speed))",adaptive,-1663622229223489071,83.0,17.0,-3.5325478948790447,yes,"[0.0 50.0 325.0; 15.0 0.0 325.0; 30.0 0.0 325.0]","2 2 3 3 3 4",0.25,300,13,20,17,16,0,0,0,0,118,11,11,6,1,0,0,1
automatic_transmission,"□_[0.0, 30.0] ((gear == 3.0) ==> (30.0 < speed))",adaptive,9029266397083096815,36.0,7.0,-3.5325478948790447,yes,"[0.0 50.0 325.0; 15.0 0.0 325.0; 30.0 0.0 325.0]","2 2 3 3 3 4",0.25,300,7,10,5,7,0,0,0,0,54,0,0,1,1,0,0,1
automatic_transmission,"□_[0.0, 30.0] ((gear == 3.0) ==> (30.0 < speed))",adaptive,3270655357985323562,39.0,7.0,-6.065810808462359,yes,"[0.0 50.0 162.5; 10.0 0.0 325.0; 25.0 50.0 0.0; 30.0 50.0 0.0]","2 2 3 3 3 4",0.25,300,8,11,8,6,1,0,0,0,57,4,5,2,2,0,0,0
automatic_transmission,"□_[0.0, 30.0] ((gear == 3.0) ==> (30.0 < speed))",adaptive,4646165513168370522,37.0,7.0,-4.659864170974117,yes,"[0.0 37.5 325.0; 10.0 12.5 325.0; 20.0 50.0 162.5; 30.0 50.0 162.5]","2 2 3 3 3 4",0.25,300,6,4,5,8,0,1,0,0,56,2,6,3,2,0,0,0
automatic_transmission,"□_[0.0, 30.0] ((gear == 3.0) ==> (30.0 < speed))",adaptive,1160374946524215438,51.0,10.0,-5.6365250287408095,yes,"[0.0 0.0 0.0; 15.0 34.375 325.0; 22.5 0.0 162.5; 30.0 0.0 162.5]","2 2 3 3 3 4",0.25,300,11,12,16,14,1,0,0,0,71,2,1,0,1,0,0,1
automatic_transmission,"□_[0.0, 30.0] ((gear == 3.0) ==> (30.0 < speed))",adaptive,6593497837671038105,32.0,6.0,-0.5837220621699224,yes,"[0.0 25.0 0.0; 10.0 0.0 0.0; 25.0 0.0 0.0; 30.0 0.0 0.0]","2 2 3 3 3 4",0.25,300,6,6,4,0,1,0,0,0,44,4,3,4,2,0,0,0
automatic_transmission,"□_[0.0, 30.0] ((gear == 3.0) ==> (30.0 < speed))",adaptive,4171195215442190885,3.0,0.0,-10.210982450526547,yes,"[0.0 50.0 162.5; 10.0 0.0 325.0; 25.0 0.0 304.6875; 30.0 0.0 304.6875]","2 2 3 3 3 4",0.25,300,1,0,0,0,0,0,0,0,3,0,0,0,3,0,0,0
automatic_transmission,"□_[0.0, 30.0] ((gear == 3.0) ==> (30.0 < speed))",adaptive,-3488129131999256826,100.0,20.0,-3.5325478948790447,yes,"[0.0 50.0 325.0; 15.0 0.0 325.0; 30.0 0.0 325.0]","2 2 3 3 3 4",0.25,300,15,22,27,22,0,0,0,1,129,15,14,13,1,0,0,0
automatic_transmission,"□_[0.0, 30.0] ((gear == 3.0) ==> (30.0 < speed))",adaptive,2858767765820268634,6.0,1.0,-3.5325478948790447,yes,"[0.0 50.0 325.0; 15.0 0.0 325.0; 30.0 0.0 325.0]","2 2 3 3 3 4",0.25,300,0,1,0,1,0,0,0,0,10,0,0,0,2,0,0,0
automatic_transmission,"□_[0.0, 30.0] ((gear == 3.0) ==> (30.0 < speed))",adaptive,-7199746053883856239,7.0,1.0,-2.787159586793795,yes,"[0.0 25.0 162.5; 10.0 25.0 325.0; 20.0 0.0 40.625; 30.0 0.0 40.625]","2 2 3 3 3 4",0.25,300,0,1,1,0,1,0,0,0,14,0,0,0,2,0,0,0
automatic_transmission,"□_[0.0, 30.0] ((gear == 3.0) ==> (30.0 < speed))",adaptive,-862556750932218293,28.0,5.0,-3.5325478948790447,yes,"[0.0 50.0 325.0; 15.0 0.0 325.0; 30.0 0.0 325.0]","2 2 3 3 3 4",0.25,300,7,6,5,3,0,0,0,0,42,1,1,0,1,0,1,0
automatic_transmission,"□_[0.0, 30.0] ((gear == 3.0) ==> (30.0 < speed))",adaptive,-5875464847452194349,22.0,4.0,-3.5325478948790447,yes,"[0.0 50.0 325.0; 15.0 0.0 325.0; 30.0 0.0 325.0]","2 2 3 3 3 4",0.25,300,1,5,2,7,1,0,0,0,34,0,0,0,1,0,0,0
automatic_transmission,"□_[0.0, 30.0] ((gear == 3.0) ==> (30.0 < speed))",adaptive,1175295639713461725,117.0,23.0,-3.5325478948790447,yes,"[0.0 50.0 325.0; 15.0 0.0 325.0; 30.0 0.0 325.0]","2 2 3 3 3 4",0.25,300,20,36,21,21,0,0,0,0,147,25,23,18,1,0,1,0
automatic_transmission,"□_[0.0, 30.0] ((gear == 3.0) ==> (30.0 < speed))",adaptive,-5543220608087314915,50.0,10.0,-3.5325478948790447,yes,"[0.0 50.0 325.0; 15.0 0.0 325.0; 30.0 0.0 325.0]","2 2 3 3 3 4",0.25,300,6,16,15,10,0,0,0,1,69,0,1,2,1,0,0,0
automatic_transmission,"□_[0.0, 30.0] ((gear == 3.0) ==> (30.0 < speed))",adaptive,-1679970670301745013,16.0,3.0,-9.940263187623962,yes,"[0.0 0.0 325.0; 15.0 25.0 162.5; 25.0 0.0 325.0; 30.0 0.0 325.0]","2 2 3 3 3 4",0.25,300,1,3,5,3,1,1,0,0,28,0,0,0,1,0,0,0
automatic_transmission,"□_[0.0, 30.0] ((gear == 3.0) ==> (30.0 < speed))",adaptive,4649398637914846959,3.0,0.0,-10.087408696815537,yes,"[0.0 50.0 162.5; 10.0 0.0 325.0; 25.0 0.0 162.5; 30.0 0.0 162.5]","2 2 3 3 3 4",0.25,300,0,0,0,0,0,0,0,0,4,0,0,0,3,0,0,0
automatic_transmission,"□_[0.0, 30.0] ((gear == 3.0) ==> (30.0 < speed))",adaptive,3248263585609992901,4.0,0.0,-7.434872630292755,yes,"[0.0 37.5 325.0; 10.0 0.0 243.75; 20.0 100.0 325.0; 30.0 100.0 325.0]","2 2 3 3 3 4",0.25,300,0,0,0,2,0,0,0,0,5,0,0,0,3,0,0,0
automatic_transmission,"□_[0.0, 30.0] ((gear == 3.0) ==> (30.0 < speed))",adaptive,-4049654713547161570,54.0,11.0,-3.5325478948790447,yes,"[0.0 50.0 325.0; 15.0 0.0 325.0; 30.0 0.0 325.0]","2 2 3 3 3 4",0.25,300,13,12,11,5,0,0,0,0,77,4,2,11,1,0,0,1
automatic_transmission,"□_[0.0, 30.0] ((gear == 3.0) ==> (30.0 < speed))",adaptive,8425020977723392468,15.0,2.0,-3.608832373678034,yes,"[0.0 50.0 81.25; 10.0 0.0 325.0; 25.0 100.0 0.0; 30.0 100.0 0.0]","2 2 3 3 3 4",0.25,300,2,4,3,2,0,1,0,0,23,0,0,0,2,0,0,0
automatic_transmission,"□_[0.0, 30.0] ((gear == 3.0) ==> (30.0 < speed))",adaptive,-8582380204583398962,22.0,4.0,-3.5325478948790447,yes,"[0.0 50.0 325.0; 15.0 0.0 325.0; 30.0 0.0 325.0]","2 2 3 3 3 4",0.25,300,3,5,4,4,0,1,0,0,35,1,1,1,1,0,0,0
automatic_transmission,"□_[0.0, 30.0] ((gear == 3.0) ==> (30.0 < speed))",adaptive,-6682701458886472424,24.0,4.0,-10.185094056548966,yes,"[0.0 37.5 325.0; 10.0 0.0 325.0; 25.0 100.0 325.0; 30.0 100.0 325.0]","2 2 3 3 3 4",0.25,300,5,3,2,1,0,0,1,0,35,2,3,4,2,0,0,0
automatic_transmission,"□_[0.0, 30.0] ((gear == 3.0) ==> (30.0 < speed))",adaptive,7063390502178464294,36.0,7.0,-3.5325478948790447,yes,"[0.0 50.0 325.0; 15.0 0.0 325.0; 30.0 0.0 325.0]","2 2 3 3 3 4",0.25,300,11,8,7,10,0,0,0,0,51,2,1,0,1,1,0,0
automatic_transmission,"□_[0.0, 30.0] ((gear == 3.0) ==> (30.0 < speed))",adaptive,-2153224333972415344,17.0,3.0,-9.967770253512533,yes,"[0.0 62.5 81.25; 7.5 0.0 325.0; 22.5 0.0 81.25; 30.0 0.0 81.25]","2 2 3 3 3 4",0.25,300,1,5,2,6,0,0,0,0,23,0,0,0,3,0,0,0
automatic_transmission,"□_[0.0, 30.0] ((gear == 3.0) ==> (30.0 < speed))",adaptive,-3858461631498610961,2.0,0.0,-10.20098067004583,yes,"[0.0 25.0 0.0; 10.0 0.0 325.0; 25.0 100.0 325.0; 30.0 100.0 325.0]","2 2 3 3 3 4",0.25,300,0,0,0,0,0,0,0,0,2,0,0,0,3,0,0,0
automatic_transmission,"□_[0.0, 30.0] ((gear == 3.0) ==> (30.0 < speed))",adaptive,-1445543502324737913,6.0,1.0,-4.682394960343576,yes,"[0.0 0.0 0.0; 15.0 25.0 162.5; 25.0 0.0 162.5; 30.0 0.0 162.5]","2 2 3 3 3 4",0.25,300,0,0,2,2,0,0,1,0,9,0,0,0,2,0,0,0
automatic_transmission,"□_[0.0, 30.0] ((gear == 3.0) ==> (30.0 < speed))",adaptive,8488973972869917804,1.0,0.0,-3.5325478948790447,yes,"[0.0 50.0 325.0; 15.0 0.0 325.0; 30.0 0.0 325.0]","2 2 3 3 3 4",0.25,300,0,0,0,0,0,0,0,0,0,0,0,0,2,0,0,0
automatic_transmission,"□_[0.0, 30.0] ((gear == 3.0) ==> (30.0 < speed))",adaptive,6203625428476959367,24.0,4.0,-3.5325478948790447,yes,"[0.0 50.0 325.0; 15.0 0.0 325.0; 30.0 0.0 325.0]","2 2 3 3 3 4",0.25,300,5,7,4,4,0,0,0,0,35,0,0,0,1,0,0,1
automatic_transmission,"□_[0.0, 30.0] ((gear == 3.0) ==> (30.0 < speed))",adaptive,939553210149177219,6.0,1.0,-3.5325478948790447,yes,"[0.0 50.0 325.0; 15.0 0.0 325.0; 30.0 0.0 325.0]","2 2 3 3 3 4",0.25,300,0,1,1,2,0,0,0,0,7,0,0,0,2,0,0,0
automatic_transmission,"□_[0.0, 30.0] ((gear == 3.0) ==> (30.0 < speed))",adaptive,7846090544892319519,61.0,12.0,-3.5325478948790447,yes,"[0.0 50.0 325.0; 15.0 0.0 325.0; 30.0 0.0 325.0]","2 2 3 3 3 4",0.25,300,12,22,17,18,0,0,1,0,86,0,0,0,1,0,0,0
automatic_transmission,"□_[0.0, 30.0] ((gear == 3.0) ==> (30.0 < speed))",adaptive,-1442969423256506677,54.0,10.0,-10.153956296884779,yes,"[0.0 37.5 0.0; 10.0 0.0 325.0; 25.0 100.0 325.0; 30.0 100.0 325.0]","2 2 3 3 3 4",0.25,300,11,6,8,14,0,0,1,0,73,7,8,10,2,0,0,0
automatic_transmission,"□_[0.0, 30.0] ((gear == 3.0) ==> (30.0 < speed))",adaptive,1331544583482965285,54.0,11.0,-3.5325478948790447,yes,"[0.0 50.0 325.0; 15.0 0.0 325.0; 30.0 0.0 325.0]","2 2 3 3 3 4",0.25,300,9,8,12,19,0,0,0,0,71,6,1,5,1,0,1,0
automatic_transmission,"□_[0.0, 30.0] ((gear == 3.0) ==> (30.0 < speed))",adaptive,4350273428877426102,16.0,3.0,-1.4243046885811879,yes,"[0.0 31.25 325.0; 10.0 0.0 0.0; 25.0 50.0 325.0; 30.0 50.0 325.0]","2 2 3 3 3 4",0.25,300,4,4,5,2,0,1,0,0,23,0,0,0,2,0,0,0
automatic_transmission,"□_[0.0, 30.0] ((gear == 3.0) ==> (30.0 < speed))",adaptive,5858787584182437744,7.0,1.0,-3.5325478948790447,yes,"[0.0 50.0 325.0; 15.0 0.0 325.0; 30.0 0.0 325.0]","2 2 3 3 3 4",0.25,300,0,1,1,0,0,0,0,1,13,0,0,0,1,0,0,0
automatic_transmission,"□_[0.0, 30.0] ((gear == 3.0) ==> (30.0 < speed))",adaptive,354569110910724376,3.0,0.0,-3.5325478948790447,yes,"[0.0 50.0 325.0; 15.0 0.0 325.0; 30.0 0.0 325.0]","2 2 3 3 3 4",0.25,300,0,0,0,1,0,0,0,0,3,0,0,0,2,0,0,0
automatic_transmission,"□_[0.0, 30.0] ((gear == 3.0) ==> (30.0 < speed))",adaptive,-5789274408297353341,31.0,6.0,-3.5325478948790447,yes,"[0.0 50.0 325.0; 15.0 0.0 325.0; 30.0 0.0 325.0]","2 2 3 3 3 4",0.25,300,1,9,9,11,0,0,1,0,44,0,0,0,1,0,0,0
automatic_transmission,"□_[0.0, 30.0] ((gear == 3.0) ==> (30.0 < speed))",adaptive,-4228321713844307338,31.0,6.0,-3.5325478948790447,yes,"[0.0 50.0 325.0; 15.0 0.0 325.0; 30.0 0.0 325.0]","2 2 3 3 3 4",0.25,300,6,8,9,3,0,0,0,0,46,2,0,1,1,0,1,0
automatic_transmission,"□_[0.0, 30.0] ((gear == 3.0) ==> (30.0 < speed))",adaptive,5893739291076508241,43.0,8.0,-3.5325478948790447,yes,"[0.0 50.0 325.0; 15.0 0.0 325.0; 30.0 0.0 325.0]","2 2 3 3 3 4",0.25,300,8,3,8,6,0,0,0,0,60,2,7,15,1,0,1,0
automatic_transmission,"□_[0.0, 30.0] ((gear == 3.0) ==> (30.0 < speed))",adaptive,-5808529964905922317,12.0,2.0,-3.5325478948790447,yes,"[0.0 50.0 325.0; 15.0 0.0 325.0; 30.0 0.0 325.0]","2 2 3 3 3 4",0.25,300,4,1,2,0,0,1,0,0,20,0,0,0,1,0,0,0
automatic_transmission,"□_[0.0, 30.0] ((gear == 3.0) ==> (30.0 < speed))",adaptive,-5244799513323163204,24.0,4.0,-3.5325478948790447,yes,"[0.0 50.0 325.0; 15.0 0.0 325.0; 30.0 0.0 325.0]","2 2 3 3 3 4",0.25,300,4,4,3,5,0,1,0,0,34,2,0,2,1,0,0,0
automatic_transmission,"□_[0.0, 30.0] ((gear == 3.0) ==> (30.0 < speed))",adaptive,-3101200737264547644,1.0,0.0,-6.065810808462359,yes,"[0.0 50.0 162.5; 10.0 0.0 325.0; 25.0 50.0 0.0; 30.0 50.0 0.0]","2 2 3 3 3 4",0.25,300,0,0,0,0,0,0,0,0,0,0,0,0,3,0,0,0
automatic_transmission,"□_[0.0, 30.0] ((gear == 3.0) ==> (30.0 < speed))",adaptive,2735221281582706672,3.0,0.0,-10.20098067004583,yes,"[0.0 25.0 0.0; 10.0 0.0 325.0; 25.0 0.0 325.0; 30.0 0.0 325.0]","2 2 3 3 3 4",0.25,300,0,1,0,0,0,0,0,0,3,0,0,0,3,0,0,0
automatic_transmission,"□_[0.0, 30.0] ((gear == 3.0) ==> (30.0 < speed))",adaptive,9087539427035091762,78.0,16.0,-0.9171554134817157,yes,"[0.0 0.0 325.0; 15.0 37.5 325.0; 25.0 0.0 325.0; 30.0 0.0 325.0]","2 2 3 3 3 4",0.25,300,15,19,15,12,0,1,0,0,112,11,7,7,1,0,0,1
automatic_transmission,"□_[0.0, 30.0] ((gear == 3.0) ==> (30.0 < speed))",adaptive,1370188707918317950,7.0,1.0,-3.166949191510696,yes,"[0.0 75.0 162.5; 10.0 0.0 325.0; 25.0 0.0 325.0; 30.0 0.0 325.0]","2 2 3 3 3 4",0.25,300,1,1,1,0,0,0,0,0,12,0,0,0,3,0,0,0
automatic_transmission,"□_[0.0, 30.0] ((gear == 3.0) ==> (30.0 < speed))",adaptive,4665436295213972497,7.0,1.0,-3.5325478948790447,yes,"[0.0 50.0 325.0; 15.0 0.0 325.0; 30.0 0.0 325.0]","2 2 3 3 3 4",0.25,300,2,0,0,2,0,0,0,1,11,0,0,0,1,0,0,0
automatic_transmission,"□_[0.0, 30.0] ((gear == 3.0) ==> (30.0 < speed))",adaptive,-6227649641381346360,15.0,3.0,-4.703617586359428,yes,"[0.0 0.0 325.0; 15.0 25.0 0.0; 25.0 0.0 325.0; 30.0 0.0 325.0]","2 2 3 3 3 4",0.25,300,3,2,2,4,0,0,0,1,22,0,0,0,2,0,0,0
automatic_transmission,"□_[0.0, 30.0] ((gear == 3.0) ==> (30.0 < speed))",adaptive,-4771225745295919179,28.0,6.0,-6.088152247227608,yes,"[0.0 50.0 162.5; 10.0 0.0 325.0; 25.0 100.0 81.25; 30.0 100.0 81.25]","2 2 3 3 3 4",0.25,300,4,5,7,4,1,0,1,0,44,0,1,1,1,0,0,0
automatic_transmission,"□_[0.0, 30.0] ((gear == 3.0) ==> (30.0 < speed))",adaptive,9177581642438755965,53.0,11.0,-3.0364133980921473,yes,"[0.0 75.0 325.0; 10.0 0.0 325.0; 25.0 0.0 162.5; 30.0 0.0 162.5]","2 2 3 3 3 4",0.25,300,9,8,14,6,1,0,0,0,74,5,19,2,2,0,0,0
automatic_transmission,"□_[0.0, 30.0] ((gear == 3.0) ==> (30.0 < speed))",adaptive,-558687065095406593,5.0,1.0,-3.5325478948790447,yes,"[0.0 50.0 325.0; 15.0 0.0 325.0; 30.0 0.0 325.0]","2 2 3 3 3 4",0.25,300,0,0,0,0,0,1,0,0,10,0,0,0,1,0,0,0
automatic_transmission,"□_[0.0, 30.0] ((gear == 3.0) ==> (30.0 < speed))",adaptive,-875652190123584567,29.0,6.0,-3.5325478948790447,yes,"[0.0 50.0 325.0; 15.0 0.0 325.0; 30.0 0.0 325.0]","2 2 3 3 3 4",0.25,300,6,0,5,7,0,0,0,0,43,4,1,2,1,0,0,1
automatic_transmission,"□_[0.0, 30.0] ((gear == 3.0) ==> (30.0 < speed))",adaptive,4261969022658347389,2.0,0.0,-1.719289670353355,yes,"[0.0 25.0 0.0; 10.0 0.0 81.25; 20.0 50.0 0.0; 30.0 50.0 0.0]","2 2 3 3 3 4",0.25,300,0,0,0,0,0,0,0,0,2,0,0,0,3,0,0,0
automatic_transmission,"□_[0.0, 30.0] ((gear == 3.0) ==> (30.0 < speed))",adaptive,-3174102231804502283,64.0,13.0,-3.5325478948790447,yes,"[0.0 50.0 325.0; 15.0 0.0 325.0; 30.0 0.0 325.0]","2 2 3 3 3 4",0.25,300,14,11,7,12,0,0,0,0,89,10,7,12,1,0,0,1
automatic_transmission,"□_[0.0, 30.0] ((gear == 3.0) ==> (30.0 < speed))",adaptive,3011976377063236189,15.0,2.0,-0.5037169283546312,yes,"[0.0 0.0 325.0; 15.0 25.0 162.5; 25.0 0.0 0.0; 30.0 0.0 0.0]","2 2 3 3 3 4",0.25,300,4,1,4,4,0,0,0,1,20,0,0,0,2,0,0,0
automatic_transmission,"□_[0.0, 30.0] ((gear == 3.0) ==> (30.0 < speed))",adaptive,3206884179111310662,52.0,10.0,-3.5325478948790447,yes,"[0.0 50.0 325.0; 15.0 0.0 325.0; 30.0 0.0 325.0]","2 2 3 3 3 4",0.25,300,13,10,5,6,0,0,0,0,75,6,8,9,1,0,0,1
automatic_transmission,"□_[0.0, 30.0] ((gear == 3.0) ==> (30.0 < speed))",adaptive,-3417488852396893772,64.0,13.0,-10.112848674138476,yes,"[0.0 25.0 0.0; 10.0 0.0 162.5; 25.0 0.0 162.5; 30.0 0.0 162.5]","2 2 3 3 3 4",0.25,300,10,11,19,14,0,0,1,0,88,5,11,9,2,0,0,0
automatic_transmission,"□_[0.0, 30.0] ((gear == 3.0) ==> (30.0 < speed))",adaptive,-4878149378047979866,55.0,11.0,-3.5325478948790447,yes,"[0.0 50.0 325.0; 15.0 0.0 325.0; 30.0 0.0 325.0]","2 2 3 3 3 4",0.25,300,8,9,11,9,0,0,0,0,79,8,2,10,1,1,0,0
automatic_transmission,"□_[0.0, 30.0] ((gear == 3.0) ==> (30.0 < speed))",adaptive,-3523546176137449423,14.0,3.0,-5.222627427999985,yes,"[0.0 62.5 162.5; 10.0 0.0 325.0; 25.0 0.0 162.5; 30.0 0.0 162.5]","2 2 3 3 3 4",0.25,300,2,2,4,1,0,1,0,0,23,0,0,0,2,0,0,0
automatic_transmission,"□_[0.0, 30.0] ((gear == 3.0) ==> (30.0 < speed))",adaptive,4623722834242231844,17.0,3.0,-1.69500992655518,yes,"[0.0 50.0 81.25; 10.0 0.0 162.5; 25.0 0.0 325.0; 30.0 0.0 325.0]","2 2 3 3 3 4",0.25,300,2,4,4,0,0,0,1,0,31,0,0,0,2,0,0,0
automatic_transmission,"□_[0.0, 30.0] ((gear == 3.0) ==> (30.0 < speed))",adaptive,-3631027536883018314,49.0,10.0,-3.5325478948790447,yes,"[0.0 50.0 325.0; 15.0 0.0 325.0; 30.0 0.0 325.0]","2 2 3 3 3 4",0.25,300,12,10,12,10,0,0,0,1,76,2,2,2,1,0,0,0
automatic_transmission,"□_[0.0, 30.0] ((gear == 3.0) ==> (30.0 < speed))",adaptive,1027986037014538953,31.0,6.0,-10.192997286067182,yes,"[0.0 43.75 325.0; 10.0 0.0 325.0; 25.0 100.0 325.0; 30.0 100.0 325.0]","2 2 3 3 3 4",0.25,300,4,2,6,9,0,0,0,1,50,1,3,2,2,0,0,0
automatic_transmission,"□_[0.0, 30.0] ((gear == 3.0) ==> (30.0 < speed))",adaptive,-2515679676778330027,74.0,14.0,-3.5325478948790447,yes,"[0.0 50.0 325.0; 15.0 0.0 325.0; 30.0 0.0 325.0]","2 2 3 3 3 4",0.25,300,12,13,15,13,0,0,0,0,97,13,6,13,1,1,0,0
automatic_transmission,"□_[0.0, 30.0] ((gear == 3.0) ==> (30.0 < speed))",adaptive,8800100030567616983,54.0,11.0,-0.47319929256716975,yes,"[0.0 25.0 162.5; 10.0 25.0 325.0; 20.0 0.0 0.0; 30.0 0.0 0.0]","2 2 3 3 3 4",0.25,300,10,17,7,11,1,0,0,0,79,3,7,4,2,0,0,0
automatic_transmission,"□_[0.0, 30.0] ((gear == 3.0) ==> (30.0 < speed))",adaptive,-1512082714629050175,53.0,11.0,-10.192997286067182,yes,"[0.0 43.75 325.0; 10.0 0.0 325.0; 25.0 100.0 325.0; 30.0 100.0 325.0]","2 2 3 3 3 4",0.25,300,10,9,9,18,0,0,0,0,76,5,4,2,3,0,0,0
automatic_transmission,"□_[0.0, 30.0] ((gear == 3.0) ==> (30.0 < speed))",adaptive,3850288774091580605,67.0,13.0,-3.5325478948790447,yes,"[0.0 50.0 325.0; 15.0 0.0 325.0; 30.0 0.0 325.0]","2 2 3 3 3 4",0.25,300,13,11,12,15,0,0,0,0,95,6,9,12,1,0,0,1
automatic_transmission,"□_[0.0, 30.0] ((gear == 3.0) ==> (30.0 < speed))",adaptive,4500600737210925710,62.0,12.0,-3.9896491841950628,yes,"[0.0 0.0 0.0; 15.0 25.0 0.0; 25.0 0.0 325.0; 30.0 0.0 325.0]","2 2 3 3 3 4",0.25,300,11,9,15,15,0,0,1,0,85,6,6,5,1,0,0,1
automatic_transmission,"□_[0.0, 30.0] ((gear == 3.0) ==> (30.0 < speed))",adaptive,-3592635781374899977,89.0,18.0,-3.5325478948790447,yes,"[0.0 50.0 325.0; 15.0 0.0 325.0; 30.0 0.0 325.0]","2 2 3 3 3 4",0.25,300,16,16,16,16,0,0,0,0,121,22,8,14,1,0,1,0
automatic_transmission,"□_[0.0, 30.0] ((gear == 3.0) ==> (30.0 < speed))",adaptive,-6364814916856224409,5.0,1.0,-10.20098067004583,yes,"[0.0 25.0 0.0; 10.0 0.0 325.0; 25.0 0.0 0.0; 30.0 0.0 0.0]","2 2 3 3 3 4",0.25,300,0,0,0,1,1,0,0,0,9,0,0,0,2,0,0,0
automatic_transmission,"□_[0.0, 30.0] ((gear == 3.0) ==> (30.0 < speed))",adaptive,3902839990724426969,40.0,8.0,-3.5325478948790447,yes,"[0.0 50.0 325.0; 15.0 0.0 325.0; 30.0 0.0 325.0]","2 2 3 3 3 4",0.25,300,9,8,6,8,0,0,1,0,58,4,5,2,1,0,0,0
automatic_transmission,"□_[0.0, 30.0] ((gear == 3.0) ==> (30.0 < speed))",adaptive,-2488747591941717387,25.0,5.0,-3.5325478948790447,yes,"[0.0 50.0 325.0; 15.0 0.0 325.0; 30.0 0.0 325.0]","2 2 3 3 3 4",0.25,300,4,8,5,4,0,0,1,0,37,0,0,0,1,0,0,0
automatic_transmission,"□_[0.0, 30.0] ((gear == 3.0) ==> (30.0 < speed))",adaptive,-935977484111550980,15.0,3.0,-3.5325478948790447,yes,"[0.0 50.0 325.0; 15.0 0.0 325.0; 30.0 0.0 325.0]","2 2 3 3 3 4",0.25,300,3,2,3,2,0,0,0,1,25,0,0,0,1,0,0,0
automatic_transmission,"□_[0.0, 30.0] ((gear == 3.0) ==> (30.0 < speed))",adaptive,-4639303536943218356,82.0,16.0,-3.5325478948790447,yes,"[0.0 50.0 325.0; 15.0 0.0 325.0; 30.0 0.0 325.0]","2 2 3 3 3 4",0.25,300,14,23,15,17,0,0,0,0,109,11,12,11,1,0,0,1
automatic_transmission,"□_[0.0, 30.0] ((gear == 3.0) ==> (30.0 < speed))",adaptive,7032689184906029085,34.0,6.0,-3.5325478948790447,yes,"[0.0 50.0 325.0; 15.0 0.0 325.0; 30.0 0.0 325.0]","2 2 3 3 3 4",0.25,300,6,5,8,8,0,0,1,0,53,0,1,2,1,0,0,0
automatic_transmission,"□_[0.0, 30.0] ((gear == 3.0) ==> (30.0 < speed))",adaptive,-6649753838772257482,73.0,14.0,-0.5837220621699224,yes,"[0.0 25.0 0.0; 10.0 0.0 0.0; 25.0 0.0 0.0; 30.0 0.0 0.0]","2 2 3 3 3 4",0.25,300,21,23,15,20,0,1,1,0,103,2,2,2,1,0,0,0
automatic_transmission,"□_[0.0, 30.0] ((gear == 3.0) ==> (30.0 < speed))",adaptive,-2716432519691432715,14.0,3.0,-10.200389219952125,yes,"[0.0 31.25 0.0; 10.0 0.0 162.5; 25.0 0.0 325.0; 30.0 0.0 325.0]","2 2 3 3 3 4",0.25,300,2,2,2,3,0,1,0,0,23,0,0,0,2,0,0,0
automatic_transmission,"□_[0.0, 30.0] ((gear == 3.0) ==> (30.0 < speed))",adaptive,413400636086760018,15.0,2.0,-3.5325478948790447,yes,"[0.0 50.0 325.0; 15.0 0.0 325.0; 30.0 0.0 325.0]","2 2 3 3 3 4",0.25,300,2,6,1,1,0,0,1,0,26,0,0,0,1,0,0,0
automatic_transmission,"□_[0.0, 30.0] ((gear == 3.0) ==> (30.0 < speed))",adaptive,-8349354395469195270,52.0,10.0,-10.168024258773045,yes,"[0.0 25.0 0.0; 10.0 0.0 284.375; 20.0 100.0 40.625; 30.0 100.0 40.625]","2 2 3 3 3 4",0.25,300,8,10,15,10,0,0,1,0,78,3,1,4,2,0,0,0
automatic_transmission,"□_[0.0, 30.0] ((gear == 3.0) ==> (30.0 < speed))",adaptive,-6864028091288920348,4.0,0.0,-3.5325478948790447,yes,"[0.0 50.0 325.0; 15.0 0.0 325.0; 30.0 0.0 325.0]","2 2 3 3 3 4",0.25,300,0,0,0,1,0,1,0,0,6,0,0,0,1,0,0,0
automatic_transmission,"□_[0.0, 30.0] ((gear == 3.0) ==> (30.0 < speed))",adaptive,-2437796629688203814,31.0,6.0,-0.5654584526515976,yes,"[0.0 25.0 0.0; 10.0 0.0 60.9375; 20.0 100.0 0.0; 30.0 100.0 0.0]","2 2 3 3 3 4",0.25,300,7,7,7,5,1,0,0,0,48,0,0,0,2,0,0,0
automatic_transmission,"□_[0.0, 30.0] ((gear == 3.0) ==> (30.0 < speed))",adaptive,4302694385580785891,9.0,2.0,-6.028221267391057,yes,"[0.0 0.0 243.75; 10.0 43.75 325.0; 20.0 0.0 325.0; 30.0 0.0 325.0]","2 2 3 3 3 4",0.25,300,1,1,2,1,1,0,0,0,15,0,0,0,2,0,0,0
automatic_transmission,"□_[0.0, 30.0] ((gear == 4.0) ==> (40.0 < speed))",adaptive,0,5.0,1.0,-5.24145448916066,yes,"[0.0 81.25 0.0; 10.0 0.0 325.0; 25.0 0.0 325.0; 30.0 0.0 325.0]","2 2 3 3 3 4",0.25,300,1,0,0,0,0,0,0,0,11,0,0,0,3,0,0,0
automatic_transmission,"□_[0.0, 30.0] ((gear == 4.0) ==> (40.0 < speed))",adaptive,-3395352614480012365,35.0,7.0,-5.168992150561174,yes,"[0.0 50.0 203.125; 10.0 0.0 325.0; 25.0 100.0 30.46875; 30.0 100.0 30.46875]","2 2 3 3 3 4",0.25,300,7,10,3,7,1,0,0,0,45,2,4,3,2,0,0,0
automatic_transmission,"□_[0.0, 30.0] ((gear == 4.0) ==> (40.0 < speed))",adaptive,-3513201292626476785,32.0,6.0,-5.175807853027386,yes,"[0.0 50.0 325.0; 15.0 0.0 325.0; 30.0 0.0 325.0]","2 2 3 3 3 4",0.25,300,9,5,6,6,0,0,0,0,48,1,0,1,1,0,1,0
automatic_transmission,"□_[0.0, 30.0] ((gear == 4.0) ==> (40.0 < speed))",adaptive,3260819884941164247,21.0,4.0,-5.175807853027386,yes,"[0.0 50.0 325.0; 15.0 0.0 325.0; 30.0 0.0 325.0]","2 2 3 3 3 4",0.25,300,5,5,3,3,0,0,1,0,35,0,0,0,1,0,0,0
automatic_transmission,"□_[0.0, 30.0] ((gear == 4.0) ==> (40.0 < speed))",adaptive,4100262447927027457,4.0,0.0,-0.9276625421463223,yes,"[0.0 50.0 0.0; 15.0 0.0 325.0; 30.0 0.0 325.0]","2 2 3 3 3 4",0.25,300,0,0,0,1,0,0,0,1,5,0,0,0,1,0,0,0
automatic_transmission,"□_[0.0, 30.0] ((gear == 4.0) ==> (40.0 < speed))",adaptive,-403691933527568333,58.0,12.0,-0.9276625421463223,yes,"[0.0 50.0 0.0; 15.0 0.0 325.0; 30.0 0.0 325.0]","2 2 3 3 3 4",0.25,300,12,8,7,11,0,0,1,0,88,5,10,10,1,0,0,0
automatic_transmission,"□_[0.0, 30.0] ((gear == 4.0) ==> (40.0 < speed))",adaptive,7850895396612812358,33.0,6.0,-0.9276625421463223,yes,"[0.0 50.0 0.0; 15.0 0.0 325.0; 30.0 0.0 325.0]","2 2 3 3 3 4",0.25,300,5,7,5,2,1,0,0,0,48,4,3,2,1,0,0,0
automatic_transmission,"□_[0.0, 30.0] ((gear == 4.0) ==> (40.0 < speed))",adaptive,2493673289223101571,21.0,4.0,-5.193446547780283,yes,"[0.0 68.75 325.0; 10.0 0.0 162.5; 25.0 0.0 325.0; 30.0 0.0 325.0]","2 2 3 3 3 4",0.25,300,6,2,1,3,0,0,0,0,35,0,1,3,3,0,0,0
automatic_transmission,"□_[0.0, 30.0] ((gear == 4.0) ==> (40.0 < speed))",adaptive,4359314762952188378,13.0,2.0,-2.6563259894751283,yes,"[0.0 50.0 162.5; 10.0 0.0 162.5; 25.0 75.0 0.0; 30.0 75.0 0.0]","2 2 3 3 3 4",0.25,300,4,0,1,0,1,0,0,0,22,1,1,0,2,0,0,0
automatic_transmission,"□_[0.0, 30.0] ((gear == 4.0) ==> (40.0 < speed))",adaptive,-5575239666084938154,21.0,4.0,-4.346758284782716,yes,"[0.0 100.0 81.25; 10.0 0.0 325.0; 25.0 0.0 325.0; 30.0 0.0 325.0]","2 2 3 3 3 4",0.25,300,2,6,2,6,0,1,0,0,37,0,0,0,2,0,0,0
automatic_transmission,"□_[0.0, 30.0] ((gear == 4.0) ==> (40.0 < speed))",adaptive,-3240571962324816529,44.0,9.0,-5.172268200762737,yes,"[0.0 50.0 40.625; 10.0 0.0 325.0; 25.0 50.0 0.0; 30.0 50.0 0.0]","2 2 3 3 3 4",0.25,300,6,8,13,8,0,0,0,1,62,2,1,5,2,0,0,0
automatic_transmission,"□_[0.0, 30.0] ((gear == 4.0) ==> (40.0 < speed))",adaptive,6537582123999562491,1.0,0.0,-0.17427002565915473,yes,"[0.0 50.0 325.0; 15.0 0.0 162.5; 30.0 0.0 162.5]","2 2 3 3 3 4",0.25,300,0,0,0,0,0,0,0,0,0,0,0,0,2,0,0,0
automatic_transmission,"□_[0.0, 30.0] ((gear == 4.0) ==> (40.0 < speed))",adaptive,-2729916568599551883,15.0,3.0,-5.175807853027386,yes,"[0.0 50.0 325.0; 15.0 0.0 325.0; 30.0 0.0 325.0]","2 2 3 3 3 4",0.25,300,2,2,4,3,0,0,1,0,24,0,0,0,1,0,0,0
automatic_transmission,"□_[0.0, 30.0] ((gear == 4.0) ==> (40.0 < speed))",adaptive,-8962089060116398174,29.0,6.0,-0.9276625421463223,yes,"[0.0 50.0 0.0; 15.0 0.0 325.0; 30.0 0.0 325.0]","2 2 3 3 3 4",0.25,300,8,7,2,3,0,1,0,0,44,3,0,1,1,0,0,0
automatic_transmission,"□_[0.0, 30.0] ((gear == 4.0) ==> (40.0 < speed))",adaptive,6085049841773395628,21.0,4.0,-0.17427002565915473,yes,"[0.0 50.0 325.0; 15.0 0.0 162.5; 30.0 0.0 162.5]","2 2 3 3 3 4",0.25,300,4,6,5,1,0,0,0,0,31,0,1,1,1,0,0,1
automatic_transmission,"□_[0.0, 30.0] ((gear == 4.0) ==> (40.0 < speed))",adaptive,-8712527195144843785,60.0,12.0,-5.175807853027386,yes,"[0.0 50.0 325.0; 15.0 0.0 325.0; 30.0 0.0 325.0]","2 2 3 3 3 4",0.25,300,14,20,13,10,0,0,0,1,86,4,7,5,1,0,0,0
automatic_transmission,"□_[0.0, 30.0] ((gear == 4.0) ==> (40.0 < speed))",adaptive,-8384977605603183264,4.0,0.0,-0.9276625421463223,yes,"[0.0 50.0 0.0; 15.0 0.0 325.0; 30.0 0.0 325.0]","2 2 3 3 3 4",0.25,300,0,1,0,0,0,0,1,0,6,0,0,0,1,0,0,0
automatic_transmission,"□_[0.0, 30.0] ((gear == 4.0) ==> (40.0 < speed))",adaptive,-8661064467677859279,3.0,0.0,-5.172268200762737,yes,"[0.0 50.0 40.625; 10.0 0.0 325.0; 25.0 100.0 0.0; 30.0 100.0 0.0]","2 2 3 3 3 4",0.25,300,0,0,0,0,1,0,1,0,5,0,0,0,1,0,0,0
automatic_transmission,"□_[0.0, 30.0] ((gear == 4.0) ==> (40.0 < speed))",adaptive,-6978692527208294021,61.0,14.0,-5.175807853027386,yes,"[0.0 50.0 325.0; 15.0 0.0 325.0; 30.0 0.0 325.0]","2 2 3 3 3 4",0.25,300,9,20,13,19,0,0,1,0,95,2,1,0,1,0,0,0
automatic_transmission,"□_[0.0, 30.0] ((gear == 4.0) ==> (40.0 < speed))",adaptive,-1267663152972598881,24.0,5.0,-0.9276625421463223,yes,"[0.0 50.0 0.0; 15.0 0.0 325.0; 30.0 0.0 325.0]","2 2 3 3 3 4",0.25,300,5,4,4,6,0,0,0,1,40,0,0,0,1,0,0,0
automatic_transmission,"□_[0.0, 30.0] ((gear == 4.0) ==> (40.0 < speed))",adaptive,4862086690301235624,36.0,7.0,-5.175807853027386,yes,"[0.0 50.0 325.0; 15.0 0.0 325.0; 30.0 0.0 325.0]","2 2 3 3 3 4",0.25,300,8,8,5,9,0,0,0,0,57,1,0,0,1,0,0,1
automatic_transmission,"□_[0.0, 30.0] ((gear == 4.0) ==> (40.0 < speed))",adaptive,3455269177287825500,51.0,10.0,-0.9276625421463223,yes,"[0.0 50.0 0.0; 15.0 0.0 325.0; 30.0 0.0 325.0]","2 2 3 3 3 4",0.25,300,11,11,13,11,1,0,0,0,73,1,3,2,1,0,0,0
automatic_transmission,"□_[0.0, 30.0] ((gear == 4.0) ==> (40.0 < speed))",adaptive,1674489462388086642,11.0,2.0,-0.9472409840964389,yes,"[0.0 87.5 325.0; 10.0 0.0 325.0; 25.0 87.5 0.0; 30.0 87.5 0.0]","2 2 3 3 3 4",0.25,300,0,3,1,2,0,0,0,0,17,0,0,0,3,0,0,0
automatic_transmission,"□_[0.0, 30.0] ((gear == 4.0) ==> (40.0 < speed))",adaptive,-5007192075472846670,18.0,3.0,-0.17427002565915473,yes,"[0.0 50.0 325.0; 15.0 0.0 162.5; 30.0 0.0 162.5]","2 2 3 3 3 4",0.25,300,3,4,5,1,0,0,0,1,27,0,0,0,1,0,0,0
automatic_transmission,"□_[0.0, 30.0] ((gear == 4.0) ==> (40.0 < speed))",adaptive,-6865571268238952761,5.0,1.0,-5.243896093430678,yes,"[0.0 50.0 81.25; 10.0 0.0 325.0; 25.0 100.0 162.5; 30.0 100.0 162.5]","2 2 3 3 3 4",0.25,300,2,0,1,0,0,0,0,0,6,0,0,0,3,0,0,0
automatic_transmission,"□_[0.0, 30.0] ((gear == 4.0) ==> (40.0 < speed))",adaptive,6437781725445533643,2.0,0.0,-5.175807853027386,yes,"[0.0 50.0 325.0; 15.0 0.0 325.0; 30.0 0.0 325.0]","2 2 3 3 3 4",0.25,300,0,0,0,0,0,0,0,0,3,0,0,0,2,0,0,0
automatic_transmission,"□_[0.0, 30.0] ((gear == 4.0) ==> (40.0 < speed))",adaptive,8239641326882459301,17.0,3.0,-5.175511424121638,yes,"[0.0 37.5 0.0; 10.0 0.0 325.0; 25.0 50.0 0.0; 30.0 50.0 0.0]","2 2 3 3 3 4",0.25,300,1,0,4,8,1,0,0,0,29,0,0,0,2,0,0,0
automatic_transmission,"□_[0.0, 30.0] ((gear == 4.0) ==> (40.0 < speed))",adaptive,5844192074240527314,3.0,0.0,-4.641401444148464,yes,"[0.0 50.0 81.25; 10.0 0.0 162.5; 25.0 0.0 81.25; 30.0 0.0 81.25]","2 2 3 3 3 4",0.25,300,0,0,0,0,0,0,0,0,5,0,0,0,3,0,0,0
automatic_transmission,"□_[0.0, 30.0] ((gear == 4.0) ==> (40.0 < speed))",adaptive,4566739835105194016,46.0,9.0,-0.9276625421463223,yes,"[0.0 50.0 0.0; 15.0 0.0 325.0; 30.0 0.0 325.0]","2 2 3 3 3 4",0.25,300,10,8,9,7,0,0,0,0,66,3,7,2,1,1,0,0
automatic_transmission,"□_[0.0, 30.0] ((gear == 4.0) ==> (40.0 < speed))",adaptive,-4735144557245820722,16.0,3.0,-0.17427002565915473,yes,"[0.0 50.0 325.0; 15.0 0.0 162.5; 30.0 0.0 162.5]","2 2 3 3 3 4",0.25,300,3,3,4,2,1,0,0,0,23,0,0,0,1,0,0,0
automatic_transmission,"□_[0.0, 30.0] ((gear == 4.0) ==> (40.0 < speed))",adaptive,2104241979440868409,98.0,21.0,-5.175807853027386,yes,"[0.0 50.0 325.0; 15.0 0.0 325.0; 30.0 0.0 325.0]","2 2 3 3 3 4",0.25,300,21,14,22,18,0,0,0,0,135,16,10,17,1,0,1,0
automatic_transmission,"□_[0.0, 30.0] ((gear == 4.0) ==> (40.0 < speed))",adaptive,-5046835081531741471,16.0,3.0,-0.17427002565915473,yes,"[0.0 50.0 325.0; 15.0 0.0 162.5; 30.0 0.0 162.5]","2 2 3 3 3 4",0.25,300,2,2,3,6,0,0,0,1,26,0,0,0,1,0,0,0
automatic_transmission,"□_[0.0, 30.0] ((gear == 4.0) ==> (40.0 < speed))",adaptive,428846222859753592,7.0,1.0,-3.7587208429142436,yes,"[0.0 75.0 162.5; 10.0 0.0 325.0; 25.0 0.0 0.0; 30.0 0.0 0.0]","2 2 3 3 3 4",0.25,300,2,0,1,1,0,0,0,0,10,0,0,0,3,0,0,0
automatic_transmission,"□_[0.0, 30.0] ((gear == 4.0) ==> (40.0 < speed))",adaptive,-3354562975025612662,7.0,1.0,-0.9276625421463223,yes,"[0.0 50.0 0.0; 15.0 0.0 325.0; 30.0 0.0 325.0]","2 2 3 3 3 4",0.25,300,0,0,1,2,0,0,1,0,14,0,0,0,1,0,0,0
automatic_transmission,"□_[0.0, 30.0] ((gear == 4.0) ==> (40.0 < speed))",adaptive,51566660709766698,19.0,4.0,-0.9276625421463223,yes,"[0.0 50.0 0.0; 15.0 0.0 325.0; 30.0 0.0 325.0]","2 2 3 3 3 4",0.25,300,5,3,0,3,1,0,0,0,30,3,0,0,1,0,0,0
automatic_transmission,"□_[0.0, 30.0] ((gear == 4.0) ==> (40.0 < speed))",adaptive,-3647633999979402808,38.0,8.0,-5.175807853027386,yes,"[0.0 50.0 325.0; 15.0 0.0 325.0; 30.0 0.0 325.0]","2 2 3 3 3 4",0.25,300,8,5,6,6,0,0,0,0,56,1,5,2,1,0,1,0
automatic_transmission,"□_[0.0, 30.0] ((gear == 4.0) ==> (40.0 < speed))",adaptive,5357034898052819279,14.0,3.0,-0.03078077640811472,yes,"[0.0 50.0 325.0; 15.0 0.0 284.375; 25.0 100.0 325.0; 30.0 100.0 325.0]","2 2 3 3 3 4",0.25,300,3,1,3,2,0,0,1,0,23,0,0,0,2,0,0,0
automatic_transmission,"□_[0.0, 30.0] ((gear == 4.0) ==> (40.0 < speed))",adaptive,-860263061303766972,26.0,5.0,-5.175807853027386,yes,"[0.0 50.0 325.0; 15.0 0.0 325.0; 30.0 0.0 325.0]","2 2 3 3 3 4",0.25,300,6,1,2,4,0,0,0,1,41,4,2,2,1,0,0,0
automatic_transmission,"□_[0.0, 30.0] ((gear == 4.0) ==> (40.0 < speed))",adaptive,-3289646232506121809,3.0,0.0,-4.871653649896352,yes,"[0.0 37.5 0.0; 10.0 0.0 203.125; 20.0 100.0 0.0; 30.0 100.0 0.0]","2 2 3 3 3 4",0.25,300,0,0,0,0,0,0,0,0,4,0,0,0,3,0,0,0
automatic_transmission,"□_[0.0, 30.0] ((gear == 4.0) ==> (40.0 < speed))",adaptive,3823254688869746608,12.0,2.0,-0.9276625421463223,yes,"[0.0 50.0 0.0; 15.0 0.0 325.0; 30.0 0.0 325.0]","2 2 3 3 3 4",0.25,300,2,3,1,1,0,0,0,1,18,0,0,0,1,0,0,0
automatic_transmission,"□_[0.0, 30.0] ((gear == 4.0) ==> (40.0 < speed))",adaptive,-7368176887965621705,86.0,17.0,-5.175807853027386,yes,"[0.0 50.0 325.0; 15.0 0.0 325.0; 30.0 0.0 325.0]","2 2 3 3 3 4",0.25,300,19,12,11,7,0,0,0,0,124,22,11,12,1,0,0,1
automatic_transmission,"□_[0.0, 30.0] ((gear == 4.0) ==> (40.0 < speed))",adaptive,-3037568076121058880,11.0,2.0,-0.9276625421463223,yes,"[0.0 50.0 0.0; 15.0 0.0 325.0; 30.0 0.0 325.0]","2 2 3 3 3 4",0.25,300,2,1,3,0,1,0,0,0,17,0,0,0,1,0,0,0
automatic_transmission,"□_[0.0, 30.0] ((gear == 4.0) ==> (40.0 < speed))",adaptive,-7759873987750179353,61.0,13.0,-0.9276625421463223,yes,"[0.0 50.0 0.0; 15.0 0.0 325.0; 30.0 0.0 325.0]","2 2 3 3 3 4",0.25,300,15,6,8,11,0,0,0,0,84,7,7,14,1,1,0,0
automatic_transmission,"□_[0.0, 30.0] ((gear == 4.0) ==> (40.0 < speed))",adaptive,2216017602057821629,3.0,0.0,-5.234701432129604,yes,"[0.0 50.0 203.125; 10.0 25.0 325.0; 20.0 0.0 325.0; 30.0 0.0 325.0]","2 2 3 3 3 4",0.25,300,0,0,0,0,0,0,0,0,5,0,0,0,3,0,0,0
automatic_transmission,"□_[0.0, 30.0] ((gear == 4.0) ==> (40.0 < speed))",adaptive,3822509754381594290,37.0,8.0,-0.17427002565915473,yes,"[0.0 50.0 325.0; 15.0 0.0 162.5; 30.0 0.0 162.5]","2 2 3 3 3 4",0.25,300,10,7,5,4,0,0,0,0,53,3,3,3,1,0,1,0
automatic_transmission,"□_[0.0, 30.0] ((gear == 4.0) ==> (40.0 < speed))",adaptive,525349370870433271,2.0,0.0,-5.181074273751626,yes,"[0.0 100.0 203.125; 10.0 0.0 325.0; 25.0 0.0 325.0; 30.0 0.0 325.0]","2 2 3 3 3 4",0.25,300,0,0,0,0,0,1,1,0,3,0,0,0,1,0,0,0
automatic_transmission,"□_[0.0, 30.0] ((gear == 4.0) ==> (40.0 < speed))",adaptive,-6819559750011441194,8.0,1.0,-5.175807853027386,yes,"[0.0 50.0 325.0; 15.0 0.0 325.0; 30.0 0.0 325.0]","2 2 3 3 3 4",0.25,300,1,1,0,1,0,1,0,0,15,0,0,0,1,0,0,0
automatic_transmission,"□_[0.0, 30.0] ((gear == 4.0) ==> (40.0 < speed))",adaptive,316147106714626154,3.0,0.0,-0.17427002565915473,yes,"[0.0 50.0 325.0; 15.0 0.0 162.5; 30.0 0.0 162.5]","2 2 3 3 3 4",0.25,300,1,0,0,0,0,0,0,1,3,0,0,0,1,0,0,0
automatic_transmission,"□_[0.0, 30.0] ((gear == 4.0) ==> (40.0 < speed))",adaptive,1708869880131016382,4.0,1.0,-0.9276625421463223,yes,"[0.0 50.0 0.0; 15.0 0.0 325.0; 30.0 0.0 325.0]","2 2 3 3 3 4",0.25,300,0,0,0,0,0,1,0,0,7,0,0,0,1,0,0,0
automatic_transmission,"□_[0.0, 30.0] ((gear == 4.0) ==> (40.0 < speed))",adaptive,-3397704830850981450,4.0,0.0,-0.17427002565915473,yes,"[0.0 50.0 325.0; 15.0 0.0 162.5; 30.0 0.0 162.5]","2 2 3 3 3 4",0.25,300,1,0,0,0,0,0,0,0,6,0,0,0,2,0,0,0
automatic_transmission,"□_[0.0, 30.0] ((gear == 4.0) ==> (40.0 < speed))",adaptive,1796774332276471789,2.0,0.0,-5.242871476251523,yes,"[0.0 56.25 325.0; 10.0 0.0 325.0; 25.0 0.0 162.5; 30.0 0.0 162.5]","2 2 3 3 3 4",0.25,300,0,0,0,0,0,0,0,0,2,0,0,0,3,0,0,0
automatic_transmission,"□_[0.0, 30.0] ((gear == 4.0) ==> (40.0 < speed))",adaptive,4829620468149697212,33.0,7.0,-5.175807853027386,yes,"[0.0 50.0 325.0; 15.0 0.0 325.0; 30.0 0.0 325.0]","2 2 3 3 3 4",0.25,300,6,8,4,6,1,0,0,0,49,0,4,2,1,0,0,0
automatic_transmission,"□_[0.0, 30.0] ((gear == 4.0) ==> (40.0 < speed))",adaptive,8461151710403384024,13.0,2.0,-0.9276625421463223,yes,"[0.0 50.0 0.0; 15.0 0.0 325.0; 30.0 0.0 325.0]","2 2 3 3 3 4",0.25,300,3,1,1,3,0,0,1,0,21,0,0,0,1,0,0,0
automatic_transmission,"□_[0.0, 30.0] ((gear == 4.0) ==> (40.0 < speed))",adaptive,1711699167957586880,25.0,5.0,-0.4069215769991956,yes,"[0.0 75.0 325.0; 10.0 0.0 162.5; 25.0 0.0 162.5; 30.0 0.0 162.5]","2 2 3 3 3 4",0.25,300,2,8,6,5,0,0,1,0,38,0,0,0,2,0,0,0
automatic_transmission,"□_[0.0, 30.0] ((gear == 4.0) ==> (40.0 < speed))",adaptive,8698939158352761785,4.0,0.0,-5.168992150561174,yes,"[0.0 50.0 203.125; 10.0 0.0 325.0; 25.0 0.0 325.0; 30.0 0.0 325.0]","2 2 3 3 3 4",0.25,300,0,1,1,0,0,0,0,0,5,0,0,0,3,0,0,0
automatic_transmission,"□_[0.0, 30.0] ((gear == 4.0) ==> (40.0 < speed))",adaptive,6413268532010633435,4.0,0.0,-0.9276625421463223,yes,"[0.0 50.0 0.0; 15.0 0.0 325.0; 30.0 0.0 325.0]","2 2 3 3 3 4",0.25,300,0,0,1,0,0,0,1,0,5,0,0,0,1,0,0,0
automatic_transmission,"□_[0.0, 30.0] ((gear == 4.0) ==> (40.0 < speed))",adaptive,-3696336186319778115,15.0,3.0,-1.8484043577393834,yes,"[0.0 75.0 162.5; 10.0 0.0 325.0; 25.0 75.0 162.5; 30.0 75.0 162.5]","2 2 3 3 3 4",0.25,300,1,5,6,0,0,0,0,0,20,0,0,0,3,0,0,0
automatic_transmission,"□_[0.0, 30.0] ((gear == 4.0) ==> (40.0 < speed))",adaptive,-6203194784550414486,42.0,8.0,-0.9276625421463223,yes,"[0.0 50.0 0.0; 15.0 0.0 325.0; 30.0 0.0 325.0]","2 2 3 3 3 4",0.25,300,7,7,12,8,0,0,0,1,57,4,6,4,1,0,0,0
automatic_transmission,"□_[0.0, 30.0] ((gear == 4.0) ==> (40.0 < speed))",adaptive,921072775586291269,3.0,0.0,-0.9276625421463223,yes,"[0.0 50.0 0.0; 15.0 0.0 325.0; 30.0 0.0 325.0]","2 2 3 3 3 4",0.25,300,1,0,0,0,0,0,0,0,4,0,0,0,2,0,0,0
automatic_transmission,"□_[0.0, 30.0] ((gear == 4.0) ==> (40.0 < speed))",adaptive,2968219943105980017,8.0,1.0,-0.9276625421463223,yes,"[0.0 50.0 0.0; 15.0 0.0 325.0; 30.0 0.0 325.0]","2 2 3 3 3 4",0.25,300,0,1,3,0,0,1,0,0,13,0,0,0,1,0,0,0
automatic_transmission,"□_[0.0, 30.0] ((gear == 4.0) ==> (40.0 < speed))",adaptive,-6803687485216061617,11.0,2.0,-5.175807853027386,yes,"[0.0 50.0 325.0; 15.0 0.0 325.0; 30.0 0.0 325.0]","2 2 3 3 3 4",0.25,300,1,1,3,1,0,0,0,1,17,0,0,0,1,0,0,0
automatic_transmission,"□_[0.0, 30.0] ((gear == 4.0) ==> (40.0 < speed))",adaptive,-6286431595469028924,2.0,0.0,-0.3722806537921173,yes,"[0.0 50.0 162.5; 10.0 0.0 243.75; 20.0 50.0 325.0; 30.0 50.0 325.0]","2 2 3 3 3 4",0.25,300,0,0,0,0,0,0,0,0,2,0,0,0,3,0,0,0
automatic_transmission,"□_[0.0, 30.0] ((gear == 4.0) ==> (40.0 < speed))",adaptive,13555576937849696,7.0,1.0,-5.175807853027386,yes,"[0.0 50.0 325.0; 15.0 0.0 325.0; 30.0 0.0 325.0]","2 2 3 3 3 4",0.25,300,1,2,1,0,0,0,1,0,12,0,0,0,1,0,0,0
automatic_transmission,"□_[0.0, 30.0] ((gear == 4.0) ==> (40.0 < speed))",adaptive,-512519119688716843,40.0,9.0,-5.175807853027386,yes,"[0.0 50.0 325.0; 15.0 0.0 325.0; 30.0 0.0 325.0]","2 2 3 3 3 4",0.25,300,5,4,11,12,0,0,0,1,55,4,2,3,1,0,0,0
automatic_transmission,"□_[0.0, 30.0] ((gear == 4.0) ==> (40.0 < speed))",adaptive,-2623391611888593819,64.0,13.0,-0.9276625421463223,yes,"[0.0 50.0 0.0; 15.0 0.0 325.0; 30.0 0.0 325.0]","2 2 3 3 3 4",0.25,300,13,18,16,11,0,0,0,0,87,5,7,5,1,1,0,0
automatic_transmission,"□_[0.0, 30.0] ((gear == 4.0) ==> (40.0 < speed))",adaptive,-4169355339265926360,6.0,1.0,-5.175807853027386,yes,"[0.0 50.0 325.0; 15.0 0.0 325.0; 30.0 0.0 325.0]","2 2 3 3 3 4",0.25,300,1,1,0,2,1,0,0,0,8,0,0,0,1,0,0,0
automatic_transmission,"□_[0.0, 30.0] ((gear == 4.0) ==> (40.0 < speed))",adaptive,8068891775783084763,2.0,0.0,-1.8482145676987187,yes,"[0.0 75.0 162.5; 10.0 0.0 325.0; 25.0 100.0 162.5; 30.0 100.0 162.5]","2 2 3 3 3 4",0.25,300,0,0,0,0,0,0,0,0,2,0,0,0,3,0,0,0
automatic_transmission,"□_[0.0, 30.0] ((gear == 4.0) ==> (40.0 < speed))",adaptive,-3441785490780477559,2.0,0.0,-5.175807853027386,yes,"[0.0 50.0 325.0; 15.0 0.0 325.0; 30.0 0.0 325.0]","2 2 3 3 3 4",0.25,300,0,0,0,0,0,0,0,0,3,0,0,0,2,0,0,0
automatic_transmission,"□_[0.0, 30.0] ((gear == 4.0) ==> (40.0 < speed))",adaptive,-7303499454748243047,23.0,5.0,-5.175807853027386,yes,"[0.0 50.0 325.0; 15.0 0.0 325.0; 30.0 0.0 325.0]","2 2 3 3 3 4",0.25,300,4,7,3,3,1,0,0,0,36,0,2,1,1,0,0,0
automatic_transmission,"□_[0.0, 30.0] ((gear == 4.0) ==> (40.0 < speed))",adaptive,-6006945958971190679,10.0,2.0,-0.09681670119901753,yes,"[0.0 68.75 0.0; 10.0 0.0 325.0; 25.0 100.0 0.0; 30.0 100.0 0.0]","2 2 3 3 3 4",0.25,300,2,1,1,1,0,0,0,0,16,0,0,0,3,0,0,0
automatic_transmission,"□_[0.0, 30.0] ((gear == 4.0) ==> (40.0 < speed))",adaptive,-5264112785904175167,16.0,3.0,-5.221825815866815,yes,"[0.0 75.0 325.0; 10.0 0.0 325.0; 25.0 100.0 0.0; 30.0 100.0 0.0]","2 2 3 3 3 4",0.25,300,2,2,4,5,0,0,1,0,24,0,0,0,2,0,0,0
automatic_transmission,"□_[0.0, 30.0] ((gear == 4.0) ==> (40.0 < speed))",adaptive,8119251593681519854,7.0,1.0,-3.16305493958442,yes,"[0.0 81.25 325.0; 10.0 0.0 325.0; 25.0 100.0 121.875; 30.0 100.0 121.875]","2 2 3 3 3 4",0.25,300,1,1,0,1,0,0,0,0,13,0,0,0,3,0,0,0
automatic_transmission,"□_[0.0, 30.0] ((gear == 4.0) ==> (40.0 < speed))",adaptive,-2647421000815672689,4.0,0.0,-0.9276625421463223,yes,"[0.0 50.0 0.0; 15.0 0.0 325.0; 30.0 0.0 325.0]","2 2 3 3 3 4",0.25,300,0,0,0,1,1,0,0,0,6,0,0,0,1,0,0,0
automatic_transmission,"□_[0.0, 30.0] ((gear == 4.0) ==> (40.0 < speed))",adaptive,-3061603223707597654,33.0,7.0,-0.17427002565915473,yes,"[0.0 50.0 325.0; 15.0 0.0 162.5; 30.0 0.0 162.5]","2 2 3 3 3 4",0.25,300,8,7,7,8,0,0,0,1,50,1,1,1,1,0,0,0
automatic_transmission,"□_[0.0, 30.0] ((gear == 4.0) ==> (40.0 < speed))",adaptive,-183549856696916528,30.0,6.0,-5.202173954350442,yes,"[0.0 50.0 162.5; 10.0 0.0 162.5; 25.0 0.0 325.0; 30.0 0.0 325.0]","2 2 3 3 3 4",0.25,300,7,4,8,6,1,0,0,0,46,0,2,3,2,0,0,0
automatic_transmission,"□_[0.0, 30.0] ((gear == 4.0) ==> (40.0 < speed))",adaptive,1448243724357237187,24.0,5.0,-5.175807853027386,yes,"[0.0 50.0 325.0; 15.0 0.0 325.0; 30.0 0.0 325.0]","2 2 3 3 3 4",0.25,300,7,3,5,3,1,0,0,0,41,0,0,0,1,0,0,0
automatic_transmission,"□_[0.0, 30.0] ((gear == 4.0) ==> (40.0 < speed))",adaptive,8940800980189996463,7.0,1.0,-2.6776290242647462,yes,"[0.0 100.0 20.3125; 10.0 0.0 325.0; 25.0 0.0 325.0; 30.0 0.0 325.0]","2 2 3 3 3 4",0.25,300,2,0,2,0,1,0,0,1,10,0,0,0,1,0,0,0
automatic_transmission,"□_[0.0, 30.0] ((gear == 4.0) ==> (40.0 < speed))",adaptive,7883900815612202609,31.0,6.0,-0.9276625421463223,yes,"[0.0 50.0 0.0; 15.0 0.0 325.0; 30.0 0.0 325.0]","2 2 3 3 3 4",0.25,300,5,11,4,10,1,0,0,0,43,0,0,0,1,0,0,0
automatic_transmission,"□_[0.0, 30.0] ((gear == 4.0) ==> (40.0 < speed))",adaptive,40125109507457480,45.0,9.0,-0.17427002565915473,yes,"[0.0 50.0 325.0; 15.0 0.0 162.5; 30.0 0.0 162.5]","2 2 3 3 3 4",0.25,300,13,8,9,10,0,0,1,0,67,2,2,1,1,0,0,0
automatic_transmission,"□_[0.0, 30.0] ((gear == 4.0) ==> (40.0 < speed))",adaptive,-6938033320608419207,30.0,6.0,-5.208112204745916,yes,"[0.0 50.0 162.5; 10.0 0.0 325.0; 25.0 0.0 325.0; 30.0 0.0 325.0]","2 2 3 3 3 4",0.25,300,8,5,3,5,1,0,0,0,42,1,1,3,2,0,0,0
automatic_transmission,"□_[0.0, 30.0] ((gear == 4.0) ==> (40.0 < speed))",adaptive,2858947381935595762,7.0,1.0,-5.175807853027386,yes,"[0.0 50.0 325.0; 15.0 0.0 325.0; 30.0 0.0 325.0]","2 2 3 3 3 4",0.25,300,2,0,0,0,0,0,0,1,12,0,0,0,1,0,0,0
automatic_transmission,"□_[0.0, 30.0] ((gear == 4.0) ==> (40.0 < speed))",adaptive,7427305976081956178,31.0,6.0,-5.221825815866815,yes,"[0.0 75.0 325.0; 10.0 0.0 325.0; 25.0 0.0 325.0; 30.0 0.0 325.0]","2 2 3 3 3 4",0.25,300,6,8,6,7,1,0,0,1,44,2,0,1,1,0,0,0
automatic_transmission,"□_[0.0, 30.0] ((gear == 4.0) ==> (40.0 < speed))",adaptive,1841543021624291161,45.0,9.0,-5.175807853027386,yes,"[0.0 50.0 325.0; 15.0 0.0 325.0; 30.0 0.0 325.0]","2 2 3 3 3 4",0.25,300,8,8,9,12,0,0,0,1,67,1,3,6,1,0,0,0
automatic_transmission,"□_[0.0, 30.0] ((gear == 4.0) ==> (40.0 < speed))",adaptive,8750058757257368686,2.0,0.0,-0.9276625421463223,yes,"[0.0 50.0 0.0; 15.0 0.0 325.0; 30.0 0.0 325.0]","2 2 3 3 3 4",0.25,300,0,0,0,0,0,0,0,0,2,0,0,0,2,0,0,0
automatic_transmission,"□_[0.0, 30.0] ((gear == 4.0) ==> (40.0 < speed))",adaptive,86715191537901021,9.0,2.0,-5.233455260935543,yes,"[0.0 93.75 162.5; 7.5 0.0 325.0; 22.5 0.0 325.0; 30.0 0.0 325.0]","2 2 3 3 3 4",0.25,300,2,0,2,1,0,0,0,0,13,0,0,0,3,0,0,0
automatic_transmission,"□_[0.0, 30.0] ((gear == 4.0) ==> (40.0 < speed))",adaptive,8808285621720952099,1.0,0.0,-0.9276625421463223,yes,"[0.0 50.0 0.0; 15.0 0.0 325.0; 30.0 0.0 325.0]","2 2 3 3 3 4",0.25,300,0,0,0,0,0,0,0,0,0,0,0,0,2,0,0,0
automatic_transmission,"□_[0.0, 30.0] ((gear == 4.0) ==> (40.0 < speed))",adaptive,4080139885049601719,5.0,1.0,-5.175807853027386,yes,"[0.0 50.0 325.0; 15.0 0.0 325.0; 30.0 0.0 325.0]","2 2 3 3 3 4",0.25,300,1,0,0,0,0,1,0,0,8,0,0,0,1,0,0,0
automatic_transmission,"□_[0.0, 30.0] ((gear == 4.0) ==> (40.0 < speed))",adaptive,-210109411230373350,33.0,7.0,-5.166283886252145,yes,"[0.0 87.5 325.0; 10.0 0.0 325.0; 25.0 0.0 325.0; 30.0 0.0 325.0]","2 2 3 3 3 4",0.25,300,7,8,3,8,1,0,0,0,50,2,1,0,2,0,0,0
automatic_transmission,"□_[0.0, 30.0] ((gear == 4.0) ==> (40.0 < speed))",adaptive,6718967520454543887,64.0,13.0,-5.208112204745916,yes,"[0.0 50.0 162.5; 10.0 0.0 325.0; 25.0 100.0 325.0; 30.0 100.0 325.0]","2 2 3 3 3 4",0.25,300,14,8,15,16,1,0,0,0,94,7,8,8,2,0,0,0
automatic_transmission,"□_[0.0, 30.0] ((gear == 4.0) ==> (40.0 < speed))",adaptive,4952354130266877290,50.0,10.0,-5.175807853027386,yes,"[0.0 50.0 325.0; 15.0 0.0 325.0; 30.0 0.0 325.0]","2 2 3 3 3 4",0.25,300,8,10,9,7,0,0,0,0,66,6,4,7,1,0,1,0
automatic_transmission,"□_[0.0, 30.0] ((gear == 4.0) ==> (40.0 < speed))",adaptive,6018286006501485535,23.0,4.0,-5.175807853027386,yes,"[0.0 50.0 325.0; 15.0 0.0 325.0; 30.0 0.0 325.0]","2 2 3 3 3 4",0.25,300,7,4,5,6,0,1,0,0,31,0,0,0,1,0,0,0
automatic_transmission,"□_[0.0, 30.0] ((gear == 4.0) ==> (40.0 < speed))",adaptive,2098178138433280632,49.0,10.0,-5.208112204745916,yes,"[0.0 50.0 162.5; 10.0 0.0 325.0; 25.0 0.0 0.0; 30.0 0.0 0.0]","2 2 3 3 3 4",0.25,300,12,7,9,6,1,0,0,0,66,8,5,3,2,0,0,0
automatic_transmission,"□_[0.0, 30.0] ((gear == 4.0) ==> (40.0 < speed))",adaptive,-1501555893766862198,8.0,1.0,-5.208112204745916,yes,"[0.0 50.0 162.5; 10.0 0.0 325.0; 25.0 0.0 325.0; 30.0 0.0 325.0]","2 2 3 3 3 4",0.25,300,1,1,1,0,0,0,0,1,16,0,0,0,2,0,0,0
automatic_transmission,"□_[0.0, 30.0] ((gear == 4.0) ==> (40.0 < speed))",adaptive,4826667283699413787,11.0,2.0,-4.5915362088883285,yes,"[0.0 50.0 162.5; 10.0 0.0 162.5; 25.0 0.0 0.0; 30.0 0.0 0.0]","2 2 3 3 3 4",0.25,300,2,0,1,4,0,0,0,0,15,0,0,0,3,0,0,0
automatic_transmission,"□_[0.0, 30.0] ((gear == 4.0) ==> (40.0 < speed))",adaptive,1507339704503150452,21.0,4.0,-0.9276625421463223,yes,"[0.0 50.0 0.0; 15.0 0.0 325.0; 30.0 0.0 325.0]","2 2 3 3 3 4",0.25,300,3,7,3,3,0,0,0,1,30,0,0,1,1,0,0,0
automatic_transmission,"□_[0.0, 30.0] ((gear == 4.0) ==> (40.0 < speed))",adaptive,53696064114932662,21.0,4.0,-0.9276625421463223,yes,"[0.0 50.0 0.0; 15.0 0.0 325.0; 30.0 0.0 325.0]","2 2 3 3 3 4",0.25,300,3,5,6,2,0,1,0,0,33,0,1,0,1,0,0,0
automatic_transmission,"□_[0.0, 30.0] ((gear == 4.0) ==> (40.0 < speed))",adaptive,8875437723539887696,68.0,15.0,-0.018354847106500927,yes,"[0.0 75.0 0.0; 10.0 0.0 91.40625; 17.5 0.0 325.0; 30.0 0.0 325.0]","2 2 3 3 3 4",0.25,300,15,5,7,17,0,1,0,0,87,8,11,21,2,0,0,0
automatic_transmission,"□_[0.0, 30.0] ((gear == 4.0) ==> (40.0 < speed))",adaptive,-7875019380196671469,8.0,1.0,-5.175807853027386,yes,"[0.0 50.0 325.0; 15.0 0.0 325.0; 30.0 0.0 325.0]","2 2 3 3 3 4",0.25,300,1,0,2,2,0,0,1,0,10,0,0,0,1,0,0,0
automatic_transmission,"□_[0.0, 30.0] ((gear == 4.0) ==> (40.0 < speed))",adaptive,-3924744932900705021,1.0,0.0,-5.175807853027386,yes,"[0.0 50.0 325.0; 15.0 0.0 325.0; 30.0 0.0 325.0]","2 2 3 3 3 4",0.25,300,0,0,0,0,0,0,0,0,0,0,0,0,2,0,0,0
automatic_transmission,"□_[0.0, 30.0] ((gear == 4.0) ==> (40.0 < speed))",adaptive,-2479491271916433614,46.0,10.0,-5.175807853027386,yes,"[0.0 50.0 325.0; 15.0 0.0 325.0; 30.0 0.0 325.0]","2 2 3 3 3 4",0.25,300,14,9,5,6,0,0,0,0,69,5,0,6,1,0,0,1
